id,kencode,kenname,cityname,name,address,tel,cond_morning,cond_kidsmenu,cond_parking,url,notice,mon_start,mon_end,tue_start,tue_end,wed_start,wed_end,thu_start,thu_end,fri_start,fri_end,sat_start,sat_end,sun_start,sun_end
1094,01,北海道,恵庭市,やよい軒 フレスポ恵み野店,北海道恵庭市恵み野里美２丁目１６－１０,0123-39-5888,1,1,1,https://store.yayoiken.com/b/yayoiken/info/1094/,※ラストオーダーは閉店時間の30分前です。<br />※祝日は、日曜と同じ営業時間になります。,1000,2200,1000,2200,1000,2200,1000,2200,1000,2300,900,2300,900,2200
1710,01,北海道,札幌市白石区,やよい軒 南郷通１９丁目店,北海道札幌市白石区南郷通１９丁目南３－１８,011-868-0208,1,1,1,https://store.yayoiken.com/b/yayoiken/info/1710/,※ラストオーダーは閉店時間の30分前です。<br />※祝日は、土曜・日曜と同じ営業時間になります。,1000,2400,1000,2400,1000,2400,1000,2400,1000,2400,700,2400,700,2400
1753,01,北海道,札幌市南区,やよい軒 藻岩店,北海道札幌市南区南３９条西１１丁目１－２５,011-588-7000,1,1,1,https://store.yayoiken.com/b/yayoiken/info/1753/,※ラストオーダーは閉店時間の15分前です。<br />※祝日は、土曜・日曜と同じ営業時間になります。,1000,2200,1000,2200,1000,2200,1000,2200,1000,2200,900,2200,900,2200
1830,01,北海道,札幌市清田区,やよい軒 羊ヶ丘通り店,北海道札幌市清田区清田２３６－５,011-889-2700,1,1,1,https://store.yayoiken.com/b/yayoiken/info/1830/,※ラストオーダーは閉店時間の15分前です。<br />※祝日は、土曜・日曜と同じ営業時間になります。,1000,2200,1000,2200,1000,2200,1000,2200,1000,2200,900,2200,900,2200
1897,01,北海道,札幌市西区,やよい軒 二十四軒店,北海道札幌市西区二十四軒３条１丁目１番２２号,011-633-7866,1,1,1,https://store.yayoiken.com/b/yayoiken/info/1897/,※ラストオーダーは閉店時間の15分前です。,800,2300,800,2300,800,2300,800,2300,800,2300,800,2300,800,2300
1098,04,宮城県,大崎市,やよい軒 古川穂波店,宮城県大崎市古川穂波３丁目１－１０,0229-91-0057,1,1,1,https://store.yayoiken.com/b/yayoiken/info/1098/,※ラストオーダーは閉店時間の30分前です。<br />※祝日は、土曜・日曜と同じ営業時間になります。,1000,2300,1000,2300,1000,2300,1000,2300,1000,2300,700,2300,700,2300
1809,04,宮城県,仙台市青葉区,やよい軒 仙台一番町店,宮城県仙台市青葉区一番町４丁目４－３３ トレンドビル１Ｆ,022-216-1217,1,,,https://store.yayoiken.com/b/yayoiken/info/1809/,※ラストオーダーは閉店時間の30分前です。,700,2300,700,2300,700,2300,700,2300,700,2300,700,2300,700,2300
1835,04,宮城県,仙台市若林区,やよい軒 仙台六丁の目店,宮城県仙台市若林区六丁の目西町２－１,080-4092-2515,1,1,1,https://store.yayoiken.com/b/yayoiken/info/1835/,※ラストオーダーは閉店時間の30分前です。,700,2400,700,2400,700,2400,700,2400,700,2400,700,2400,700,2400
1895,04,宮城県,名取市,やよい軒 名取増田店,宮城県名取市増田３丁目９－４４,022-381-4881,1,1,1,https://store.yayoiken.com/b/yayoiken/info/1895/,※ラストオーダーは閉店時間の30分前です。<br />※祝日は、土曜・日曜と同じ営業時間になります。,1000,2400,1000,2400,1000,2400,1000,2400,1000,2400,700,2400,700,2400
2117,04,宮城県,石巻市,やよい軒 石巻中里店,宮城県石巻市東中里３丁目２番１６,0225-21-5580,1,1,1,https://store.yayoiken.com/b/yayoiken/info/2117/,※ラストオーダーは閉店時間の30分前です。<br />※祝日は、土曜・日曜と同じ営業時間になります。,1000,2400,1000,2400,1000,2400,1000,2400,1000,2400,700,2400,700,2400
1002,08,茨城県,つくば市,やよい軒 つくば下広岡店,茨城県つくば市下広岡１０５５番２５,029-850-3008,1,1,1,https://store.yayoiken.com/b/yayoiken/info/1002/,※当店では22時から翌5時の間、『定食・丼・麺・おうち定食(テイクアウト)』に深夜料金50円を加算させていただいております。（一部のメニューは深夜料金対象外）<br />※ラストオーダーは閉店時間の30分前です。<br />※祝日は、土曜・日曜と同じ営業時間になります。,1000,2400,1000,2400,1000,2400,1000,2400,1000,2400,700,2400,700,2400
1703,08,茨城県,石岡市,やよい軒 石岡旭台店,茨城県石岡市旭台１丁目１番４号,0299-28-6348,1,1,1,https://store.yayoiken.com/b/yayoiken/info/1703/,※当店では22時から翌5時の間、『定食・丼・麺・おうち定食(テイクアウト)』に深夜料金50円を加算させていただいております。（一部のメニューは深夜料金対象外）<br />※ラストオーダーは閉店時間の30分前です。<br />※祝日は、土曜・日曜と同じ営業時間になります。,1000,2400,1000,2400,1000,2400,1000,2400,1000,2400,700,2400,700,2400
1724,08,茨城県,牛久市,やよい軒 牛久上柏田店,茨城県牛久市上柏田三丁目２９番１２,029-870-1617,1,1,1,https://store.yayoiken.com/b/yayoiken/info/1724/,※当店では22時から翌5時の間、『定食・丼・麺・おうち定食(テイクアウト)』に深夜料金50円を加算させていただいております。（一部のメニューは深夜料金対象外）<br />※ラストオーダーは閉店時間の30分前です。<br />※祝日は、土曜・日曜と同じ営業時間になります。,1000,2400,1000,2400,1000,2400,1000,2400,1000,2400,700,2400,700,2400
1779,08,茨城県,守谷市,やよい軒 守谷立沢店,茨城県守谷市立沢２０５１－８,0297-21-0121,1,1,1,https://store.yayoiken.com/b/yayoiken/info/1779/,※当店では22時から翌5時の間、『定食・丼・麺・おうち定食(テイクアウト)』に深夜料金50円を加算させていただいております。（一部のメニューは深夜料金対象外）<br />※ラストオーダーは閉店時間の30分前です。<br />※祝日は、土曜・日曜と同じ営業時間になります。,1000,2400,1000,2400,1000,2400,1000,2400,1000,2400,700,2400,700,2400
1842,08,茨城県,ひたちなか市,やよい軒 ひたちなか市毛店,茨城県ひたちなか市大字市毛字上坪１０８２－２,029-202-9007,1,1,1,https://store.yayoiken.com/b/yayoiken/info/1842/,※ラストオーダーは閉店時間の30分前です。,1000,2300,1000,2300,1000,2300,1000,2300,1000,2300,1000,2300,1000,2300
2037,08,茨城県,水戸市,やよい軒 水戸米沢町店,茨城県水戸市米沢町字中組２３８－１,029-304-1558,1,1,1,https://store.yayoiken.com/b/yayoiken/info/2037/,※ラストオーダーは閉店時間の30分前です。<br />※祝日は、土曜・日曜と同じ営業時間になります。,1000,2300,1000,2300,1000,2300,1000,2300,1000,2300,700,2300,700,2300
2071,08,茨城県,鹿嶋市,やよい軒 鹿嶋谷原店,茨城県鹿嶋市谷原４５４－１,0299-90-7810,1,1,1,https://store.yayoiken.com/b/yayoiken/info/2071/,※ラストオーダーは閉店時間の30分前です。,1000,2400,1000,2400,1000,2400,1000,2400,1000,2400,1000,2400,1000,2400
1008,09,栃木県,宇都宮市,やよい軒 宇都宮テクノポリス店,栃木県宇都宮市ゆいの杜６－１－２５,028-670-3844,1,1,1,https://store.yayoiken.com/b/yayoiken/info/1008/,※ラストオーダーは閉店時間の30分前です。,900,2315,900,2315,900,2315,900,2315,900,2315,900,2315,900,2315
1395,09,栃木県,佐野市,やよい軒 佐野高萩店,栃木県佐野市高萩町１３２３－１４,0283-27-0078,1,1,1,https://store.yayoiken.com/b/yayoiken/info/1395/,※ラストオーダーは閉店時間の30分前です。,1000,2400,1000,2400,1000,2400,1000,2400,1000,2400,1000,2400,1000,2400
1479,09,栃木県,足利市,やよい軒 足利朝倉町店,栃木県足利市朝倉町２丁目２２－５,0284-70-8050,1,1,1,https://store.yayoiken.com/b/yayoiken/info/1479/,※当店では22時から翌5時の間、『定食・丼・麺・おうち定食(テイクアウト)』に深夜料金50円を加算させていただいております。（一部のメニューは深夜料金対象外）<br />※ラストオーダーは閉店時間の30分前です。,900,2400,900,2400,900,2400,900,2400,900,2400,900,2400,900,2400
1752,09,栃木県,栃木市,やよい軒 栃木バイパス店,栃木県栃木市平柳町三丁目２７－３０,0282-29-1035,1,1,1,https://store.yayoiken.com/b/yayoiken/info/1752/,※当店では22時から翌5時の間、『定食・丼・麺・おうち定食(テイクアウト)』に深夜料金50円を加算させていただいております。（一部のメニューは深夜料金対象外）<br />※ラストオーダーは閉店時間の30分前です。,1000,2400,1000,2400,1000,2400,1000,2400,1000,2400,1000,2400,1000,2400
1770,09,栃木県,宇都宮市,やよい軒 宇都宮御幸本町店,栃木県宇都宮市御幸本町４８６４－２５,028-613-3075,1,1,1,https://store.yayoiken.com/b/yayoiken/info/1770/,※ラストオーダーは閉店時間の30分前です。,1000,2400,1000,2400,1000,2400,1000,2400,1000,2400,1000,2400,1000,2400
1904,09,栃木県,鹿沼市,やよい軒 鹿沼店,栃木県鹿沼市栄町１－３４－３８,0289-60-5518,1,1,1,https://store.yayoiken.com/b/yayoiken/info/1904/,※ラストオーダーは閉店時間の30分前です。,600,2400,600,2400,600,2400,600,2400,600,2400,600,2400,600,2400
1947,09,栃木県,宇都宮市,やよい軒 宇都宮鶴田町店,栃木県宇都宮市鶴田町１１７０－２,028-649-2800,1,1,1,https://store.yayoiken.com/b/yayoiken/info/1947/,※当店では22時から翌5時の間、『定食・丼・麺・おうち定食(テイクアウト)』に深夜料金50円を加算させていただいております。（一部のメニューは深夜料金対象外）<br />※ラストオーダーは閉店時間の45分前です。,1000,2330,1000,2330,1000,2330,1000,2330,1000,2330,1000,2330,1000,2330
2127,09,栃木県,宇都宮市,やよい軒 宇都宮大曽店,栃木県宇都宮市大曽２丁目９－１,028-650-4241,1,1,1,https://store.yayoiken.com/b/yayoiken/info/2127/,※ラストオーダーは閉店時間の30分前です。<br />※祝日は、土曜・日曜と同じ営業時間になります。,1000,2300,1000,2300,1000,2300,1000,2300,1000,2300,700,2300,700,2300
2149,09,栃木県,小山市,やよい軒 小山東城南店,栃木県小山市東城南一丁目１－３５,0285-31-3151,1,1,1,https://store.yayoiken.com/b/yayoiken/info/2149/,※当店では22時から翌5時の間、『定食・丼・麺・おうち定食(テイクアウト)』に深夜料金50円を加算させていただいております。（一部のメニューは深夜料金対象外）<br />※ラストオーダーは閉店時間の30分前です。<br />※祝日は、土曜・日曜と同じ営業時間になります。,900,2400,900,2400,900,2400,900,2400,900,2400,700,2400,700,2400
1281,10,群馬県,伊勢崎市,やよい軒 伊勢崎宮子町店,群馬県伊勢崎市宮子町３４３１－３,0270-20-1167,1,1,1,https://store.yayoiken.com/b/yayoiken/info/1281/,※ラストオーダーは閉店時間の30分前です。,900,2400,900,2400,900,2400,900,2400,900,2400,700,2400,700,2400
1287,10,群馬県,太田市,やよい軒 太田西矢島店,群馬県太田市西矢島町５７３－１,0276-60-1321,1,1,1,https://store.yayoiken.com/b/yayoiken/info/1287/,※当店では22時から翌5時の間、『定食・丼・麺・おうち定食(テイクアウト)』に深夜料金50円を加算させていただいております。（一部のメニューは深夜料金対象外）<br />※ラストオーダーは閉店時間の30分前です。,900,400,900,400,900,400,900,400,900,400,700,400,700,400
1773,10,群馬県,館林市,やよい軒 館林緑町店,群馬県館林市緑町２丁目４－４,0276-76-7009,1,1,1,https://store.yayoiken.com/b/yayoiken/info/1773/,※ラストオーダーは閉店時間の30分前です。<br />※祝日は、土曜・日曜と同じ営業時間になります。,1000,2300,1000,2300,1000,2300,1000,2300,1000,2300,700,2300,700,2300
2116,10,群馬県,前橋市,やよい軒 前橋大友町店,群馬県前橋市大友町１丁目７番８,027-256-9356,1,1,1,https://store.yayoiken.com/b/yayoiken/info/2116/,※ラストオーダーは閉店時間の30分前です。,1000,2300,1000,2300,1000,2300,1000,2300,1000,2300,700,2300,700,2300
1090,11,埼玉県,さいたま市岩槻区,やよい軒 岩槻南平野店,埼玉県さいたま市岩槻区南平野３－３３－３,048-790-0026,1,1,1,https://store.yayoiken.com/b/yayoiken/info/1090/,※ラストオーダーは閉店時間の30分前です。<br />※祝日は、土曜・日曜と同じ営業時間になります。,1000,2400,1000,2400,1000,2400,1000,2400,1000,2400,900,2400,900,2400
1268,11,埼玉県,鴻巣市,やよい軒 吹上鎌塚店,埼玉県鴻巣市鎌塚１－１１－５,048-547-1722,1,1,1,https://store.yayoiken.com/b/yayoiken/info/1268/,※当店では22時から翌5時の間、『定食・丼・麺・おうち定食(テイクアウト)』に深夜料金50円を加算させていただいております。（一部のメニューは深夜料金対象外）<br />※ラストオーダーは閉店時間の30分前です。<br />※祝日は、土曜・日曜と同じ営業時間になります。,900,2400,900,2400,900,2400,900,2400,900,2400,700,2400,700,2400
1346,11,埼玉県,久喜市,やよい軒 久喜店,埼玉県久喜市久喜本７９１－１,0480-26-6177,1,1,1,https://store.yayoiken.com/b/yayoiken/info/1346/,※当店では22時から翌5時の間、『定食・丼・麺・おうち定食(テイクアウト)』に深夜料金50円を加算させていただいております。（一部のメニューは深夜料金対象外）<br />※ラストオーダーは閉店時間の30分前です。,1000,2400,1000,2400,1000,2400,1000,2400,1000,2400,700,2400,700,2400
1698,11,埼玉県,熊谷市,やよい軒 熊谷籠原店,埼玉県熊谷市新堀３４７－３,048-530-0045,1,1,1,https://store.yayoiken.com/b/yayoiken/info/1698/,※ラストオーダーは閉店時間の30分前です。,1000,2300,1000,2300,1000,2300,1000,2300,1000,2300,1000,2300,1000,2300
1902,11,埼玉県,所沢市,やよい軒 所沢日吉町店,埼玉県所沢市日吉町１５－１２,04-2940-0707,1,1,,https://store.yayoiken.com/b/yayoiken/info/1902/,※ラストオーダーは閉店時間の30分前です。,700,2300,700,2300,700,2300,700,2300,700,2300,700,2300,700,2300
1983,11,埼玉県,川口市,やよい軒 川口店,埼玉県川口市栄町３－１２－６ 川口ビル１Ｆ,048-255-9161,1,1,,https://store.yayoiken.com/b/yayoiken/info/1983/,※当店では22時から翌5時の間、『定食・丼・麺・おうち定食(テイクアウト)』に深夜料金50円を加算させていただいております。（一部のメニューは深夜料金対象外）<br />※ラストオーダーは閉店時間の30分前です。,900,2400,900,2400,900,2400,900,2400,900,2400,900,2400,900,2400
2021,11,埼玉県,春日部市,やよい軒 春日部小渕店,埼玉県春日部市小渕２４３－１,048-760-0043,1,1,1,https://store.yayoiken.com/b/yayoiken/info/2021/,※当店では22時から翌5時の間、『定食・丼・麺・おうち定食(テイクアウト)』に深夜料金50円を加算させていただいております。（一部のメニューは深夜料金対象外）<br />※ラストオーダーは閉店時間の30分前です。<br />※祝日は、土曜・日曜と同じ営業時間になります。,1000,2400,1000,2400,1000,2400,1000,2400,1000,2400,900,2400,900,2400
2038,11,埼玉県,川越市,やよい軒 川越西口店,埼玉県川越市脇田本町１６－２０,049-291-5377,1,1,,https://store.yayoiken.com/b/yayoiken/info/2038/,※当店では22時から翌5時の間、『定食・丼・麺・おうち定食(テイクアウト)』に深夜料金50円を加算させていただいております。（一部のメニューは深夜料金対象外）<br />※ラストオーダーは閉店時間の30分前です。,900,2330,900,2330,900,2330,900,2330,900,2330,900,2330,900,2330
2057,11,埼玉県,本庄市,やよい軒 ベスタ本庄寿店,埼玉県本庄市寿３丁目５番地１４号,0495-27-8484,1,1,1,https://store.yayoiken.com/b/yayoiken/info/2057/,※ラストオーダーは閉店時間の30分前です。,900,2315,900,2315,900,2315,900,2315,900,2315,900,2315,900,2315
2115,11,埼玉県,狭山市,やよい軒 ベスタ狭山店,埼玉県狭山市入間川１１５８,04-2999-3550,1,1,1,https://store.yayoiken.com/b/yayoiken/info/2115/,※ラストオーダーは閉店時間の30分前です。<br />※祝日は、土曜・日曜と同じ営業時間になります。,1000,2300,1000,2300,1000,2300,1000,2300,1000,2300,700,2300,700,2300
2165,11,埼玉県,さいたま市大宮区,やよい軒 大宮大栄橋店,埼玉県さいたま市大宮区宮町３－１－７ 宮町ＨＳビル１Ｆ,048-650-8155,1,1,,https://store.yayoiken.com/b/yayoiken/info/2165/,※ラストオーダーは閉店時間の30分前です。,900,2300,900,2300,900,2300,900,2300,900,2300,900,2300,900,2300
1049,12,千葉県,船橋市,やよい軒 船橋店,千葉県船橋市本町３－２－１,047-460-1811,1,1,,https://store.yayoiken.com/b/yayoiken/info/1049/,※ラストオーダーは閉店時間の30分前です。<br />※他の店舗とメニューが異なります。,700,2315,700,2315,700,2315,700,2315,700,2315,700,2315,700,2315
1274,12,千葉県,市川市,やよい軒 本八幡店,千葉県市川市南八幡５－１－３,080-4094-2475,1,,,https://store.yayoiken.com/b/yayoiken/info/1274/,※ラストオーダーは閉店時間の30分前です。<br />※祝日は、土曜・日曜と同じ営業時間になります。,1000,2330,1000,2330,1000,2330,1000,2330,1000,2330,1000,2330,1000,2330
1278,12,千葉県,市川市,やよい軒 南行徳店,千葉県市川市相之川４－１８－１,047-390-4581,1,1,,https://store.yayoiken.com/b/yayoiken/info/1278/,※ラストオーダーは閉店時間の30分前です。,700,2400,700,2400,700,2400,700,2400,700,2400,700,2400,700,2400
1380,12,千葉県,千葉市稲毛区,やよい軒 稲毛山王店,千葉県千葉市稲毛区山王町３０７－１,043-304-2644,1,1,1,https://store.yayoiken.com/b/yayoiken/info/1380/,※ラストオーダーは閉店時間の30分前です。<br />※祝日は、土曜日曜と同じ営業時間です。,900,2330,900,2330,900,2330,900,2330,900,2330,700,2330,700,2330
1390,12,千葉県,東金市,やよい軒 東金田間店,千葉県東金市田間字村上１２６４,0475-50-6087,1,1,1,https://store.yayoiken.com/b/yayoiken/info/1390/,※ラストオーダーは閉店時間の30分前です。,1000,2400,1000,2400,1000,2400,1000,2400,1000,2400,900,2400,900,2400
1424,12,千葉県,千葉市中央区,やよい軒 ライフガーデン仁戸名店,千葉県千葉市中央区仁戸名町６９８－１１,043-305-0203,1,1,1,https://store.yayoiken.com/b/yayoiken/info/1424/,※ラストオーダーは閉店時間の30分前です。<br />※祝日は、土曜・日曜と同じ営業時間になります。,1000,2400,1000,2400,1000,2400,1000,2400,1000,2400,800,2400,800,2400
1491,12,千葉県,柏市,やよい軒 柏増尾台店,千葉県柏市増尾台４－１３－７,04-7170-8032,1,1,1,https://store.yayoiken.com/b/yayoiken/info/1491/,※ラストオーダーは閉店時間の30分前です。<br />※祝日は、土曜・日曜と同じ営業時間になります。,1000,2400,1000,2400,1000,2400,1000,2400,1000,2400,700,2400,700,2400
1759,12,千葉県,松戸市,やよい軒 松戸本町店,千葉県松戸市本町１７－７ 松葉ビル１Ｆ,047-308-6131,1,,,https://store.yayoiken.com/b/yayoiken/info/1759/,※ラストオーダーは閉店時間の30分前です。,800,2400,800,2400,800,2400,800,2400,800,2400,800,2400,800,2400
1769,12,千葉県,市川市,やよい軒 行徳店,千葉県市川市行徳駅前２丁目１６－４ 松丸ビル１Ｆ,047-390-1181,1,,,https://store.yayoiken.com/b/yayoiken/info/1769/,※ラストオーダーは閉店時間の30分前です。,600,130,600,130,600,130,600,130,600,130,600,130,600,130
1878,12,千葉県,富里市,やよい軒 富里店,千葉県富里市七栄５２５－２４,0476-90-2002,1,1,1,https://store.yayoiken.com/b/yayoiken/info/1878/,※ラストオーダーは閉店時間の30分前です。,900,2400,900,2400,900,2400,900,2400,900,2400,900,2400,900,2400
1998,12,千葉県,千葉市中央区,やよい軒 千葉シーワン店,千葉県千葉市中央区富士見２丁目２４－１ ショッピングセンタ―内,043-201-0238,1,,,https://store.yayoiken.com/b/yayoiken/info/1998/,※ラストオーダーは閉店時間の30分前です。,700,2300,700,2300,700,2300,700,2300,700,2300,700,2300,700,2300
2046,12,千葉県,成田市,やよい軒 成田美郷台店,千葉県成田市美郷台１－１９－１１,0476-24-8755,1,1,1,https://store.yayoiken.com/b/yayoiken/info/2046/,※ラストオーダーは閉店時間の30分前です。,900,2400,900,2400,900,2400,900,2400,900,2400,900,2400,900,2400
2047,12,千葉県,佐倉市,やよい軒 佐倉寺崎店,千葉県佐倉市寺崎北三丁目８番地９,043-481-3330,1,1,1,https://store.yayoiken.com/b/yayoiken/info/2047/,※ラストオーダーは閉店時間の30分前です。<br />※祝日は、土曜・日曜と同じ営業時間になります。,1000,2400,1000,2400,1000,2400,1000,2400,1000,2400,800,2400,800,2400
2063,12,千葉県,野田市,やよい軒 野田船形店,千葉県野田市泉１－１－１,080-4089-7609,1,1,1,https://store.yayoiken.com/b/yayoiken/info/2063/,※ラストオーダーは閉店時間の30分前です。<br />※祝日は、土曜・日曜と同じ営業時間になります。,1000,2400,1000,2400,1000,2400,1000,2400,1000,2400,900,2400,900,2400
2132,12,千葉県,船橋市,やよい軒 西船橋店,千葉県船橋市印内町６０３－１,047-431-2066,1,,,https://store.yayoiken.com/b/yayoiken/info/2132/,※ラストオーダーは閉店時間の30分前です。,700,2330,700,2330,700,2330,700,2330,700,2330,700,2330,700,2330
1028,13,東京都,新宿区,やよい軒 新宿明治通り店,東京都新宿区歌舞伎町２丁目２－２０ グランドメゾン歌舞伎町ビル１Ｆ,03-5291-5597,1,,,https://store.yayoiken.com/b/yayoiken/info/1028/,※ラストオーダーは閉店時間の30分前です。,800,2300,800,2300,800,2300,800,2300,800,2300,800,2300,800,2300
1048,13,東京都,千代田区,やよい軒 神田北口店,東京都千代田区神田須田町１丁目２６ ラシーヌ神田ビル,03-3526-5625,1,,,https://store.yayoiken.com/b/yayoiken/info/1048/,※当店では22時から翌5時の間、『定食・丼・麺・おうち定食(テイクアウト)』に深夜料金50円を加算させていただいております。（一部のメニューは深夜料金対象外）<br />※当店ではアルコール飲料の販売をしておりません。<br />※ラストオーダーは閉店時間の30分前です。,800,2300,800,2300,800,2300,800,2300,800,2300,800,2300,800,2300
1070,13,東京都,新宿区,やよい軒 新宿百人町店,東京都新宿区百人町２丁目１１－３,03-5338-3062,1,,,https://store.yayoiken.com/b/yayoiken/info/1070/,※ラストオーダーは閉店時間の30分前です。<br />,500,300,500,300,500,300,500,300,500,300,500,300,500,300
1072,13,東京都,新宿区,やよい軒 新宿御苑店,東京都新宿区新宿１丁目３４－８ 近代グループBLG.１５ 1F,03-5367-8737,1,,,https://store.yayoiken.com/b/yayoiken/info/1072/,※ラストオーダーは閉店時間の30分前です。,800,2300,800,2300,800,2300,800,2300,800,2300,800,2300,800,2300
1146,13,東京都,新宿区,やよい軒 高田馬場店,東京都新宿区高田馬場３丁目３－２ 高田馬場MFビル１Ｆ,03-5338-2781,1,,,https://store.yayoiken.com/b/yayoiken/info/1146/,※ラストオーダーは閉店時間の30分前です。,500,300,500,300,500,300,500,300,500,300,500,300,500,300
1165,13,東京都,墨田区,やよい軒 錦糸町北口店,東京都墨田区錦糸１－５－１７ メゾンドール錦糸町１Ｆ,03-5819-3841,1,,,https://store.yayoiken.com/b/yayoiken/info/1165/,※ラストオーダーは閉店時間の30分前です。,800,2300,800,2300,800,2300,800,2300,800,2300,800,2300,800,2300
1174,13,東京都,杉並区,やよい軒 高円寺店,東京都杉並区高円寺南４－５０－１,03-5327-4591,1,,,https://store.yayoiken.com/b/yayoiken/info/1174/,※ラストオーダーは閉店時間の30分前です。,700,2300,700,2300,700,2300,700,2300,700,2300,700,2300,700,2300
1208,13,東京都,葛飾区,やよい軒 新小岩南口店,東京都葛飾区新小岩１丁目４４－２,03-5661-3117,1,,,https://store.yayoiken.com/b/yayoiken/info/1208/,※ラストオーダーは閉店時間の30分前です。,500,300,500,300,500,300,500,300,500,300,500,300,500,300
1210,13,東京都,新宿区,やよい軒 四谷２丁目店,東京都新宿区四谷２－１０－５ 八ツ橋ビル１Ｆ,03-5368-6486,1,1,,https://store.yayoiken.com/b/yayoiken/info/1210/,※ラストオーダーは閉店時間の30分前です。,700,2300,700,2300,700,2300,700,2300,700,2300,700,2300,700,2300
1212,13,東京都,世田谷区,やよい軒 三軒茶屋店,東京都世田谷区太子堂４丁目２２－１４ 香田ビル１Ｆ,03-3418-3046,1,,,https://store.yayoiken.com/b/yayoiken/info/1212/,※店舗メンテナンス等で閉店する場合、閉店時間の30分前がラストオーダーです。,0,2400,0,2400,0,2400,0,2400,0,2400,0,2400,0,2400
1218,13,東京都,千代田区,やよい軒 水道橋白山通り店,東京都千代田区西神田２丁目１－１２ 景雲ビル１F,03-5215-2031,1,,,https://store.yayoiken.com/b/yayoiken/info/1218/,※ラストオーダーは閉店時間の30分前です。,700,2300,700,2300,700,2300,700,2300,700,2300,700,2300,700,2300
1228,13,東京都,豊島区,やよい軒 池袋劇場通り店,東京都豊島区池袋２丁目４２－６ 倉田ビル,03-5960-3851,1,,,https://store.yayoiken.com/b/yayoiken/info/1228/,※ラストオーダーは閉店時間の30分前です。,800,2300,800,2300,800,2300,800,2300,800,2300,800,2300,800,2300
1284,13,東京都,江東区,やよい軒 木場店,東京都江東区木場５丁目２－３,03-5621-8755,1,,,https://store.yayoiken.com/b/yayoiken/info/1284/,※ラストオーダーは閉店時間の30分前です。,800,2300,800,2300,800,2300,800,2300,800,2300,800,2300,800,2300
1309,13,東京都,中野区,やよい軒 中野北口店,東京都中野区中野４－４－１１,03-5343-7118,1,1,,https://store.yayoiken.com/b/yayoiken/info/1309/,※当店では22時から翌5時の間、『定食・丼・麺・おうち定食(テイクアウト)』に深夜料金50円を加算させていただいております。（一部のメニューは深夜料金対象外）<br />※ラストオーダーは閉店時間の30分前です。,500,300,500,300,500,300,500,300,500,300,500,300,500,300
1323,13,東京都,新宿区,やよい軒 新宿小滝橋通り店,東京都新宿区西新宿７－７－３３,03-5332-5343,1,,,https://store.yayoiken.com/b/yayoiken/info/1323/,※ラストオーダーは閉店時間の30分前です。,700,2300,700,2300,700,2300,700,2300,700,2300,700,2300,700,2300
1329,13,東京都,文京区,やよい軒 白山店,東京都文京区白山５丁目２９－６,03-5940-7776,1,1,,https://store.yayoiken.com/b/yayoiken/info/1329/,※ラストオーダーは閉店時間の30分前です。,1000,2300,1000,2300,1000,2300,1000,2300,1000,2300,1000,2300,1000,2300
1335,13,東京都,大田区,やよい軒 蒲田店,東京都大田区蒲田５－２８－１８,03-6424-3109,1,,,https://store.yayoiken.com/b/yayoiken/info/1335/,※ラストオーダーは閉店時間の30分前です。,700,2300,700,2300,700,2300,700,2300,700,2300,700,2300,700,2300
1354,13,東京都,八王子市,やよい軒 八王子店,東京都八王子市中町４－１２ クレインビル,042-631-3370,1,1,,https://store.yayoiken.com/b/yayoiken/info/1354/,※ラストオーダーは閉店時間の30分前です。,700,2300,700,2300,700,2300,700,2300,700,2300,700,2300,700,2300
1415,13,東京都,世田谷区,やよい軒 駒沢店,東京都世田谷区駒沢１－１６－７,03-5431-5131,1,1,,https://store.yayoiken.com/b/yayoiken/info/1415/,※ラストオーダーは閉店時間の30分前です。,1000,2400,1000,2400,1000,2400,1000,2400,1000,2400,1000,2400,1000,2400
1421,13,東京都,渋谷区,やよい軒 青山学院大学前店,東京都渋谷区神宮前５丁目５２－２ Ｂ１Ｆ,03-6418-2245,1,,,https://store.yayoiken.com/b/yayoiken/info/1421/,※ラストオーダーは閉店時間の30分前です。,1000,2300,1000,2300,1000,2300,1000,2300,1000,2300,1000,2300,1000,2300
1476,13,東京都,東村山市,やよい軒 秋津店,東京都東村山市秋津町５－６－５ クロスコート秋津１Ｆ,042-398-8766,1,1,,https://store.yayoiken.com/b/yayoiken/info/1476/,※ラストオーダーは閉店時間の30分前です。,700,2300,700,2300,700,2300,700,2300,700,2300,700,2300,700,2300
1702,13,東京都,新宿区,やよい軒 馬場口店,東京都新宿区高田馬場２丁目２－３,03-5291-5028,1,,,https://store.yayoiken.com/b/yayoiken/info/1702/,※ラストオーダーは閉店時間の30分前です。,1000,2300,1000,2300,1000,2300,1000,2300,1000,2300,1000,2300,1000,2300
1748,13,東京都,江東区,やよい軒 亀戸北口店,東京都江東区亀戸２－２７－１３ 山内ビル１Ｆ,03-5628-1021,1,,,https://store.yayoiken.com/b/yayoiken/info/1748/,※ラストオーダーは閉店時間の30分前です。,700,2300,700,2300,700,2300,700,2300,700,2300,700,2300,700,2300
1756,13,東京都,中央区,やよい軒 茅場町店,東京都中央区日本橋茅場町１丁目７－１ 日本橋弥生ビルディング1Ｆ,03-5643-0557,1,,,https://store.yayoiken.com/b/yayoiken/info/1756/,※ラストオーダーは閉店時間の30分前です。<br />※日曜・祝日は定休日となっております。<br />,700,2200,700,2200,700,2200,700,2200,700,2200,700,2200,,
1781,13,東京都,品川区,やよい軒 大森店,東京都品川区南大井６－２８－１２ ２Ｆ,03-5767-4957,1,,,https://store.yayoiken.com/b/yayoiken/info/1781/,※ラストオーダーは閉店時間の30分前です。,1000,2300,1000,2300,1000,2300,1000,2300,1000,2300,1000,2300,1000,2300
1845,13,東京都,豊島区,やよい軒 巣鴨南口店,東京都豊島区巣鴨１丁目１３－５ 巣鴨プラザ１Ｆ,03-5319-0622,1,,,https://store.yayoiken.com/b/yayoiken/info/1845/,※店舗メンテナンス等で閉店する場合、閉店時間の30分前がラストオーダーです。,0,2400,0,2400,0,2400,0,2400,0,2400,0,2400,0,2400
1881,13,東京都,新宿区,やよい軒 西新宿店,東京都新宿区西新宿７－２１－２１ 西新宿成和ビル１Ｆ,03-5332-3196,1,,,https://store.yayoiken.com/b/yayoiken/info/1881/,※ラストオーダーは閉店時間の30分前です。,1000,2200,1000,2200,1000,2200,1000,2200,1000,2200,1000,2200,1000,2200
1886,13,東京都,江戸川区,やよい軒 小岩店,東京都江戸川区南小岩６丁目２８－１３ 朝日ビル小岩１Ｆ,03-5612-7255,1,,,https://store.yayoiken.com/b/yayoiken/info/1886/,※ラストオーダーは閉店時間の30分前です。,1000,2300,1000,2300,1000,2300,1000,2300,1000,2300,1000,2300,1000,2300
1887,13,東京都,練馬区,やよい軒 練馬店,東京都練馬区豊玉北６－３－７ ＵＳビル１Ｆ,080-4092-7305,1,,,https://store.yayoiken.com/b/yayoiken/info/1887/,【ラストオーダー】<br />※閉店時間の30分前がラストオーダーです。,1000,2300,1000,2300,1000,2300,1000,2300,1000,2300,1000,2300,1000,2300
1901,13,東京都,台東区,やよい軒 蔵前店,東京都台東区蔵前２丁目６－４,03-5823-7321,1,,,https://store.yayoiken.com/b/yayoiken/info/1901/,※ラストオーダーは閉店時間の30分前です。,700,2300,700,2300,700,2300,700,2300,700,2300,700,2300,700,2300
1967,13,東京都,葛飾区,やよい軒 金町店,東京都葛飾区東金町１－４５－４ 綾部ビル１Ｆ,03-5660-0033,1,,,https://store.yayoiken.com/b/yayoiken/info/1967/,※当店では22時から翌5時の間、『定食・丼・麺・おうち定食(テイクアウト)』に深夜料金50円を加算させていただいております。（一部のメニューは深夜料金対象外）<br />※ラストオーダーは閉店時間の30分前です。,500,300,500,300,500,300,500,300,500,300,500,300,500,300
2014,13,東京都,江戸川区,やよい軒 葛西店,東京都江戸川区中葛西５－３３－９,03-5679-9501,1,,,https://store.yayoiken.com/b/yayoiken/info/2014/,※ラストオーダーは閉店時間の30分前です。,700,2400,700,2400,700,2400,700,2400,700,2400,700,2400,700,2400
2031,13,東京都,文京区,やよい軒 本郷店,東京都文京区本郷５－１－１３,03-5805-3277,1,,,https://store.yayoiken.com/b/yayoiken/info/2031/,※ラストオーダーは閉店時間の30分前です。,700,2300,700,2300,700,2300,700,2300,700,2300,700,2300,700,2300
2048,13,東京都,葛飾区,やよい軒 亀有店,東京都葛飾区亀有３丁目２５－１,03-5613-1901,1,1,,https://store.yayoiken.com/b/yayoiken/info/2048/,※ラストオーダーは閉店時間の30分前です。,700,2330,700,2330,700,2330,700,2330,700,2330,700,2330,700,2330
2056,13,東京都,新宿区,やよい軒 早稲田店,東京都新宿区喜久井町１－２ シルバーマンション早稲田１Ｆ,03-5155-3837,1,,,https://store.yayoiken.com/b/yayoiken/info/2056/,【ラストオーダー】<br />※閉店時間の30分前がラストオーダーです。,1000,2300,1000,2300,1000,2300,1000,2300,1000,2300,1000,2300,1000,2300
2059,13,東京都,豊島区,やよい軒 南池袋店,東京都豊島区南池袋２丁目２４－２ ＳＴビル１Ｆ,03-5956-6385,1,,,https://store.yayoiken.com/b/yayoiken/info/2059/,※ラストオーダーは閉店時間の30分前です。,800,2315,800,2315,800,2315,800,2315,800,2315,800,2315,800,2315
2072,13,東京都,台東区,やよい軒 三ノ輪店,東京都台東区根岸５丁目２４－８,03-5615-4773,1,1,,https://store.yayoiken.com/b/yayoiken/info/2072/,※ラストオーダーは閉店時間の30分前です。,1000,2300,1000,2300,1000,2300,1000,2300,1000,2300,1000,2300,1000,2300
2077,13,東京都,台東区,やよい軒 浅草田原町店,東京都台東区寿４－７－７ グリーンキャピタル浅草１Ｆ,03-5806-3630,1,1,,https://store.yayoiken.com/b/yayoiken/info/2077/,※ラストオーダーは閉店時間の30分前です。,700,2300,700,2300,700,2300,700,2300,700,2300,700,2300,700,2300
2079,13,東京都,台東区,やよい軒 東上野店,東京都台東区東上野３－３７－９ かみちビル１階,03-5846-6175,1,,,https://store.yayoiken.com/b/yayoiken/info/2079/,※ラストオーダーは閉店時間の30分前です。,700,2300,700,2300,700,2300,700,2300,700,2300,700,2300,700,2300
2130,13,東京都,板橋区,やよい軒 大山店,東京都板橋区大山東町４６－８,03-5943-7317,1,,,https://store.yayoiken.com/b/yayoiken/info/2130/,※ラストオーダーは閉店時間の30分前です。,700,2300,700,2300,700,2300,700,2300,700,2300,700,2300,700,2300
2131,13,東京都,豊島区,やよい軒 要町店,東京都豊島区要町１丁目１－１０ サブナード要町１Ｆ,03-5964-8971,1,,,https://store.yayoiken.com/b/yayoiken/info/2131/,※ラストオーダーは閉店時間の30分前です。,700,2330,700,2330,700,2330,700,2330,700,2330,700,2330,700,2330
2135,13,東京都,立川市,やよい軒 立川北店,東京都立川市曙町２－３４－６ ＣＯＡビル１Ｆ,080-4084-9706,1,,,https://store.yayoiken.com/b/yayoiken/info/2135/,※ラストオーダーは閉店時間の30分前です。,700,2300,700,2300,700,2300,700,2300,700,2300,700,2300,700,2300
2136,13,東京都,品川区,やよい軒 五反田店,東京都品川区西五反田７丁目１３－６ 五反田山崎ビル１階,080-4089-7885,1,,,https://store.yayoiken.com/b/yayoiken/info/2136/,※ラストオーダーは閉店時間の30分前です。,1000,2300,1000,2300,1000,2300,1000,2300,1000,2300,1000,2300,1000,2300
2143,13,東京都,新宿区,やよい軒 新宿靖国通り店,東京都新宿区歌舞伎町１－６－１ シロービル２階,03-5155-3900,1,,,https://store.yayoiken.com/b/yayoiken/info/2143/,※ラストオーダーは閉店時間の30分前です。,700,2300,700,2300,700,2300,700,2300,700,2300,700,2300,700,2300
2170,13,東京都,江戸川区,やよい軒 西葛西店,東京都江戸川区西葛西３－１７－７,03-5878-3097,1,1,,https://store.yayoiken.com/b/yayoiken/info/2170/,※当店では22時から翌5時の間、『定食・丼・麺・おうち定食(テイクアウト)』に深夜料金50円を加算させていただいております。（一部のメニューは深夜料金対象外）<br />※ラストオーダーは閉店時間の30分前です。,700,2300,700,2300,700,2300,700,2300,700,2300,700,2300,700,2300
2171,13,東京都,渋谷区,やよい軒 代々木店,東京都渋谷区千駄ヶ谷５－２４－３ ＮＴＴドコモ代々木ビル１Ｆ,03-5312-7089,1,,,https://store.yayoiken.com/b/yayoiken/info/2171/,※ラストオーダーは閉店時間の30分前です。,800,2200,800,2200,800,2200,800,2200,800,2200,1000,2200,1000,2200
2172,13,東京都,町田市,やよい軒 町田店,東京都町田市原町田４丁目９－１６,042-709-1850,1,,,https://store.yayoiken.com/b/yayoiken/info/2172/,※ラストオーダーは閉店時間の30分前です。,700,2300,700,2300,700,2300,700,2300,700,2300,700,2300,700,2300
2202,13,東京都,千代田区,やよい軒外神田３丁目店,東京都千代田区外神田３－６－２,03-5296-9510,1,,,https://store.yayoiken.com/b/yayoiken/info/2202/,※ラストオーダーは閉店時間の30分前です。,900,2300,900,2300,900,2300,900,2300,900,2300,900,2300,900,2300
2289,13,東京都,杉並区,やよい軒 阿佐ヶ谷南店,東京都杉並区阿佐谷南1丁目33番8号 2Ｆ,080-7480-5258,1,1,,https://store.yayoiken.com/b/yayoiken/info/2289/,※ラストオーダーは閉店時間の30分前です。,1000,2300,1000,2300,1000,2300,1000,2300,1000,2300,1000,2300,1000,2300
1084,14,神奈川県,相模原市南区,やよい軒 相模大野店,神奈川県相模原市南区相模大野３丁目１－３３ 丸徳ビル1Ｆ,042-702-2356,1,1,,https://store.yayoiken.com/b/yayoiken/info/1084/,※当店では22時から翌5時の間、『定食・丼・麺・おうち定食(テイクアウト)』に深夜料金50円を加算させていただいております。（一部のメニューは深夜料金対象外）<br />※ラストオーダーは閉店時間の30分前です。,700,2300,700,2300,700,2300,700,2300,700,2300,700,2300,700,2300
1143,14,神奈川県,横浜市中区,やよい軒 長者町店,神奈川県横浜市中区長者町５丁目４８－１ 三丸長者町ビルディング１,045-260-6327,1,,,https://store.yayoiken.com/b/yayoiken/info/1143/,※ラストオーダーは閉店時間の30分前です。,700,2300,700,2300,700,2300,700,2300,700,2300,700,2300,700,2300
1219,14,神奈川県,横須賀市,やよい軒 横須賀大滝町店,神奈川県横須賀市大滝町１丁目２６ 清水ビル１Ｆ,046-820-2851,1,,,https://store.yayoiken.com/b/yayoiken/info/1219/,※ラストオーダーは閉店時間の30分前です。,800,2300,800,2300,800,2300,800,2300,800,2300,700,2300,700,2300
1273,14,神奈川県,川崎市中原区,やよい軒 武蔵中原店,神奈川県川崎市中原区上小田中４丁目２－１ ＪＲ武蔵中原駅ビーンズ内,044-741-1781,1,,,https://store.yayoiken.com/b/yayoiken/info/1273/,※当店では22時から翌5時の間、『定食・丼・麺・おうち定食(テイクアウト)』に深夜料金50円を加算させていただいております。（一部のメニューは深夜料金対象外）<br />※ラストオーダーは閉店時間の30分前です。,700,2330,700,2330,700,2330,700,2330,700,2330,700,2330,700,2330
1450,14,神奈川県,鎌倉市,やよい軒 大船店,神奈川県鎌倉市大船１丁目１２－１６ エバ－ス第５ビル１Ｆ,0467-41-0125,1,,,https://store.yayoiken.com/b/yayoiken/info/1450/,※ラストオーダーは閉店時間の30分前です。,1000,2300,1000,2300,1000,2300,1000,2300,1000,2300,1000,2300,1000,2300
1711,14,神奈川県,足柄上郡大井町,やよい軒 足柄大井町店,神奈川県足柄上郡大井町上大井４０１－１,0465-83-5222,1,1,1,https://store.yayoiken.com/b/yayoiken/info/1711/,※ラストオーダーは閉店時間の30分前です。,1000,2300,1000,2300,1000,2300,1000,2300,1000,2300,1000,2300,1000,2300
1730,14,神奈川県,藤沢市,やよい軒 湘南藤沢店,神奈川県藤沢市辻堂新町４丁目３－５,0466-31-6338,1,1,1,https://store.yayoiken.com/b/yayoiken/info/1730/,※ラストオーダーは閉店時間の30分前です。,1000,2200,1000,2200,1000,2200,1000,2200,1000,2200,1000,2200,1000,2200
1957,14,神奈川県,横浜市中区,やよい軒 伊勢佐木町店,神奈川県横浜市中区伊勢佐木町５－１２５ クイントパラディオ１Ｆ,080-7554-8118,1,,,https://store.yayoiken.com/b/yayoiken/info/1957/,※当店では22時から翌5時の間、『定食・丼・麺・おうち定食(テイクアウト)』に深夜料金50円を加算させていただいております。（一部のメニューは深夜料金対象外）<br />※ラストオーダーは閉店時間の30分前です。,700,2300,700,2300,700,2300,700,2300,700,2300,700,2300,700,2300
2020,14,神奈川県,川崎市川崎区,やよい軒 川崎ことろばし店,神奈川県川崎市川崎区小川町１５－１４ 柴田ビル１Ｆ,044-230-1781,1,,,https://store.yayoiken.com/b/yayoiken/info/2020/,※ラストオーダーは閉店時間の30分前です。<br />,500,300,500,300,500,300,500,300,500,300,500,300,500,300
2030,14,神奈川県,横浜市青葉区,やよい軒 青葉台店,神奈川県横浜市青葉区青葉台１－１４－１ 第２青葉台ビル１Ｆ,045-988-0522,1,1,,https://store.yayoiken.com/b/yayoiken/info/2030/,※当店では22時から翌5時の間、『定食・丼・麺・おうち定食(テイクアウト)』に深夜料金50円を加算させていただいております。（一部のメニューは深夜料金対象外）<br />※ラストオーダーは閉店時間の30分前です。,1000,2400,1000,2400,1000,2400,1000,2400,1000,2400,1000,2400,1000,2400
2118,14,神奈川県,川崎市中原区,やよい軒 武蔵小杉店,神奈川県川崎市中原区小杉町３丁目４４１－１９ 丸橋ビル１Ｆ,044-739-8312,1,,,https://store.yayoiken.com/b/yayoiken/info/2118/,※ラストオーダーは閉店時間の30分前です。,1000,2330,1000,2330,1000,2330,1000,2330,1000,2330,1000,2330,1000,2330
2119,14,神奈川県,川崎市幸区,やよい軒 川崎駅西口店,神奈川県川崎市幸区大宮町１４－５,044-542-1255,1,,,https://store.yayoiken.com/b/yayoiken/info/2119/,※ラストオーダーは閉店時間の30分前です。,1000,2400,1000,2400,1000,2400,1000,2400,1000,2400,1000,2400,1000,2400
2121,14,神奈川県,横浜市中区,やよい軒 日の出町店,神奈川県横浜市中区宮川町３－７７ さくらビル１Ｆ,045-243-5440,1,,,https://store.yayoiken.com/b/yayoiken/info/2121/,※当店では22時から翌5時の間、『定食・丼・麺・おうち定食(テイクアウト)』に深夜料金50円を加算させていただいております。（一部のメニューは深夜料金対象外）<br />※ラストオーダーは閉店時間の30分前です。,700,2300,700,2300,700,2300,700,2300,700,2300,700,2300,700,2300
2147,14,神奈川県,厚木市,やよい軒 本厚木店,神奈川県厚木市中町３丁目１３－２ 小山ビル１Ｆ,046-297-5035,1,1,,https://store.yayoiken.com/b/yayoiken/info/2147/,※ラストオーダーは閉店時間の30分前です。,700,2300,700,2300,700,2300,700,2300,700,2300,700,2300,700,2300
2151,14,神奈川県,横浜市中区,やよい軒 馬車道店,神奈川県横浜市中区尾上町５丁目７６ 明治屋尾上町ビル１ １Ｆ,045-227-8228,1,,,https://store.yayoiken.com/b/yayoiken/info/2151/,※ラストオーダーは閉店時間の30分前です。,700,2300,700,2300,700,2300,700,2300,700,2300,700,2300,700,2300
2284,14,神奈川県,横浜市鶴見区,やよい軒 鶴見シークレイン店,神奈川県横浜市鶴見区鶴見中央1丁目31-2 シークレイン2Ｆ,080-7480-5391,1,1,,https://store.yayoiken.com/b/yayoiken/info/2284/,※ラストオーダーは閉店時間の30分前です。,800,2300,800,2300,800,2300,800,2300,800,2300,800,2300,800,2300
1709,15,新潟県,新潟市東区,やよい軒 松崎店,新潟県新潟市東区新松崎１丁目６,025-279-5858,1,1,1,https://store.yayoiken.com/b/yayoiken/info/1709/,※ラストオーダーは閉店時間の30分前です。<br />※祝日は、土曜・日曜と同じ営業時間になります。,1000,2300,1000,2300,1000,2300,1000,2300,1000,2300,700,2300,700,2300
1761,15,新潟県,新潟市江南区,やよい軒 亀田店,新潟県新潟市江南区早苗２丁目３－３３,025-383-3553,1,1,1,https://store.yayoiken.com/b/yayoiken/info/1761/,※ラストオーダーは閉店時間の30分前です。<br />※祝日は、土曜・日曜と同じ営業時間になります。,1000,2300,1000,2300,1000,2300,1000,2300,1000,2300,700,2300,700,2300
1828,15,新潟県,新潟市西区,やよい軒 亀貝店,新潟県新潟市西区亀貝３２８８番,025-264-7108,1,1,1,https://store.yayoiken.com/b/yayoiken/info/1828/,※ラストオーダーは閉店時間の30分前です。<br />※祝日は、土曜・日曜と同じ営業時間になります。,1000,2300,1000,2300,1000,2300,1000,2300,1000,2300,700,2300,700,2300
1093,16,富山県,富山市,やよい軒 富山呉羽店,富山県富山市本郷東部９－３,076-434-0152,1,1,1,https://store.yayoiken.com/b/yayoiken/info/1093/,※ラストオーダーは閉店時間の30分前です。,1000,2300,1000,2300,1000,2300,1000,2300,1000,2300,1000,2300,1000,2300
1763,16,富山県,高岡市,やよい軒 高岡横田本町店,富山県高岡市横田本町８－２,0766-29-0018,1,1,1,https://store.yayoiken.com/b/yayoiken/info/1763/,※ラストオーダーは閉店時間の30分前です。<br />,1000,2300,1000,2300,1000,2300,1000,2300,1000,2300,1000,2300,1000,2300
1836,16,富山県,富山市,やよい軒 富山山室店,富山県富山市山室２２６番２,076-420-6455,1,1,1,https://store.yayoiken.com/b/yayoiken/info/1836/,※ラストオーダーは閉店時間の30分前です。,1000,2300,1000,2300,1000,2300,1000,2300,1000,2300,1000,2300,1000,2300
1937,16,富山県,滑川市,やよい軒 富山滑川店,富山県滑川市上小泉２８１４－２,076-476-5841,1,1,1,https://store.yayoiken.com/b/yayoiken/info/1937/,※ラストオーダーは閉店時間の30分前です。,1000,2200,1000,2200,1000,2200,1000,2200,1000,2200,1000,2200,1000,2200
1401,17,石川県,金沢市,やよい軒 金沢増泉店,石川県金沢市神田１丁目３－１８,076-247-1118,1,1,1,https://store.yayoiken.com/b/yayoiken/info/1401/,※ラストオーダーは閉店時間の30分前です。,500,230,500,230,500,230,500,230,500,230,500,230,500,230
1495,17,石川県,野々市市,やよい軒 金沢御経塚店,石川県野々市市御経塚４丁目１０８,076-240-6311,1,1,1,https://store.yayoiken.com/b/yayoiken/info/1495/,※ラストオーダーは閉店時間の30分前です。,1000,2300,1000,2300,1000,2300,1000,2300,1000,2300,1000,2300,1000,2300
1498,17,石川県,金沢市,やよい軒 金沢福久店,石川県金沢市福久東１丁目８８,076-258-1039,1,1,1,https://store.yayoiken.com/b/yayoiken/info/1498/,※ラストオーダーは閉店時間の30分前です。,1000,2300,1000,2300,1000,2300,1000,2300,1000,2300,1000,2300,1000,2300
1712,17,石川県,白山市,やよい軒 松任店,石川県白山市倉光十丁目１４６番,076-276-5155,1,1,1,https://store.yayoiken.com/b/yayoiken/info/1712/,※ラストオーダーは閉店時間の30分前です。,1000,2300,1000,2300,1000,2300,1000,2300,1000,2300,1000,2300,1000,2300
1738,17,石川県,小松市,やよい軒 小松店,石川県小松市上小松町丙３２番１,0761-24-8241,1,1,1,https://store.yayoiken.com/b/yayoiken/info/1738/,※ラストオーダーは閉店時間の30分前です。<br />※祝日は、土曜・日曜と同じ営業時間になります。,1000,2300,1000,2300,1000,2300,1000,2300,1000,2300,700,2300,700,2300
2023,17,石川県,金沢市,やよい軒 金沢駅西店,石川県金沢市駅西新町３丁目１３－６,076-231-3556,1,1,1,https://store.yayoiken.com/b/yayoiken/info/2023/,※ラストオーダーは閉店時間の30分前です。,1000,2300,1000,2300,1000,2300,1000,2300,1000,2300,1000,2300,1000,2300
1465,18,福井県,福井市,やよい軒 福井種池店,福井県福井市種池１丁目１７０１,0776-32-6500,1,1,1,https://store.yayoiken.com/b/yayoiken/info/1465/,※ラストオーダーは閉店時間の30分前です。,1000,2300,1000,2300,1000,2300,1000,2300,1000,2300,1000,2300,1000,2300
1762,18,福井県,鯖江市,やよい軒 福井鯖江店,福井県鯖江市新横江１丁目１２４番,0778-54-3555,1,1,1,https://store.yayoiken.com/b/yayoiken/info/1762/,※ラストオーダーは閉店時間の30分前です。,1000,2300,1000,2300,1000,2300,1000,2300,1000,2300,1000,2300,1000,2300
1784,18,福井県,福井市,やよい軒 福井大和田店,福井県福井市大和田１丁目１１０３,0776-57-8005,1,1,1,https://store.yayoiken.com/b/yayoiken/info/1784/,※ラストオーダーは閉店時間の30分前です。,1000,2300,1000,2300,1000,2300,1000,2300,1000,2300,1000,2300,1000,2300
1467,19,山梨県,甲府市,やよい軒 甲府塩部店,山梨県甲府市塩部４丁目１６番１０号,055-255-2202,1,1,1,https://store.yayoiken.com/b/yayoiken/info/1467/,※ラストオーダーは閉店時間の30分前です。,1000,2300,1000,2300,1000,2300,1000,2300,1000,2300,1000,2300,1000,2300
2144,19,山梨県,中巨摩郡昭和町,やよい軒 甲府昭和店,山梨県中巨摩郡昭和町飯喰１９２－１,055-268-5077,1,1,1,https://store.yayoiken.com/b/yayoiken/info/2144/,※ラストオーダーは閉店時間の30分前です。,1000,2300,1000,2300,1000,2300,1000,2300,1000,2300,1000,2300,1000,2300
02302,20,長野県,諏訪郡下諏訪町,やよい軒 イオンスタイル諏訪店　　10/21(水)グランドオープン！,長野県諏訪郡下諏訪町南四王6126番6,080-7555-2669,1,1,1,https://store.yayoiken.com/b/yayoiken/info/02302/,※ラストオーダーは閉店時間の30分前です。,1000,2300,1000,2300,1000,2300,1000,2300,1000,2300,1000,2300,1000,2300
1739,20,長野県,塩尻市,やよい軒 塩尻広丘店,長野県塩尻市広丘野村１０６９ー２４,0263-51-1150,1,1,1,https://store.yayoiken.com/b/yayoiken/info/1739/,※ラストオーダーは閉店時間の30分前です。,1000,2300,1000,2300,1000,2300,1000,2300,1000,2300,700,2300,700,2300
1899,20,長野県,長野市,やよい軒 長野稲里店,長野県長野市稲里１丁目６－１,026-291-1200,1,1,1,https://store.yayoiken.com/b/yayoiken/info/1899/,※ラストオーダーは閉店時間の30分前です。,1000,2300,1000,2300,1000,2300,1000,2300,1000,2300,700,2300,700,2300
1848,21,岐阜県,岐阜市,やよい軒 岐阜入舟町店,岐阜県岐阜市入舟町２丁目３－２,058-249-7533,1,1,1,https://store.yayoiken.com/b/yayoiken/info/1848/,※ラストオーダーは閉店時間の30分前です。,700,200,700,200,700,200,700,200,700,200,700,200,700,200
1388,22,静岡県,浜松市中央区,やよい軒 浜松有玉店,静岡県浜松市中央区有玉南町５７０－１,053-431-0280,1,1,1,https://store.yayoiken.com/b/yayoiken/info/1388/,※ラストオーダーは閉店時間の30分前です。,1000,2300,1000,2300,1000,2300,1000,2300,1000,2300,1000,2300,1000,2300
1433,22,静岡県,浜松市中央区,やよい軒 浜松本郷町店,静岡県浜松市中央区本郷町２３９－１,053-411-5088,1,1,1,https://store.yayoiken.com/b/yayoiken/info/1433/,※ラストオーダーは閉店時間の30分前です。,1000,2400,1000,2400,1000,2400,1000,2400,1000,2400,1000,2400,1000,2400
1682,22,静岡県,三島市,やよい軒 三島玉川店,静岡県三島市玉川１６番,055-983-1558,1,1,1,https://store.yayoiken.com/b/yayoiken/info/1682/,※ラストオーダーは閉店時間の30分前です。,1000,2400,1000,2400,1000,2400,1000,2400,1000,2400,1000,2400,1000,2400
1740,22,静岡県,藤枝市,やよい軒 藤枝店,静岡県藤枝市岡出山３丁目１４－１９,054-645-7488,1,1,1,https://store.yayoiken.com/b/yayoiken/info/1740/,※ラストオーダーは閉店時間の30分前です。,1000,2300,1000,2300,1000,2300,1000,2300,1000,2300,1000,2300,1000,2300
1860,22,静岡県,袋井市,やよい軒 袋井店,静岡県袋井市川井１１８８－９,0538-45-3070,1,1,1,https://store.yayoiken.com/b/yayoiken/info/1860/,※ラストオーダーは閉店時間の30分前です。,1000,2300,1000,2300,1000,2300,1000,2300,1000,2300,1000,2300,1000,2300
1865,22,静岡県,静岡市清水区,やよい軒 静岡吉川店,静岡県静岡市清水区吉川２７４－１７,054-349-7841,1,1,1,https://store.yayoiken.com/b/yayoiken/info/1865/,※ラストオーダーは閉店時間の30分前です。,1000,2300,1000,2300,1000,2300,1000,2300,1000,2300,1000,2300,1000,2300
1872,22,静岡県,磐田市,やよい軒 磐田店,静岡県磐田市豊島３１４番１号,0538-21-3070,1,1,1,https://store.yayoiken.com/b/yayoiken/info/1872/,※ラストオーダーは閉店時間の30分前です。,1000,2300,1000,2300,1000,2300,1000,2300,1000,2300,1000,2300,1000,2300
2103,22,静岡県,浜松市中央区,やよい軒 浜松若林店,静岡県浜松市中央区若林町３６６６－１,053-413-2311,1,1,1,https://store.yayoiken.com/b/yayoiken/info/2103/,※ラストオーダーは閉店時間の30分前です。,1000,2300,1000,2300,1000,2300,1000,2300,1000,2300,1000,2300,1000,2300
2265,22,静岡県,静岡市駿河区,やよい軒 静岡ＳＢＳ通り店,静岡県静岡市駿河区中田四丁目２－２０,080-4089-4607,1,1,1,https://store.yayoiken.com/b/yayoiken/info/2265/,※ラストオーダーは閉店時間の30分前です。<br />※祝日営業時間　　8時～23時,1000,2300,1000,2300,1000,2300,1000,2300,1000,2300,800,2300,800,2300
1340,23,愛知県,名古屋市千種区,やよい軒 池下店,愛知県名古屋市千種区池下１－４－１５ 川辺３１８ビル１Ｆ,052-757-5758,1,1,,https://store.yayoiken.com/b/yayoiken/info/1340/,※ラストオーダーは閉店時間の30分前です。,1000,2300,1000,2300,1000,2300,1000,2300,1000,2300,1000,2300,1000,2300
1440,23,愛知県,名古屋市中区,やよい軒 名古屋丸の内店,愛知県名古屋市中区錦２丁目４－３ 錦パークビル１Ｆ,052-220-2010,1,1,,https://store.yayoiken.com/b/yayoiken/info/1440/,※ラストオーダーは閉店時間の30分前です。,700,2300,700,2300,700,2300,700,2300,700,2300,700,2300,700,2300
1458,23,愛知県,名古屋市中区,やよい軒 栄四丁目店,愛知県名古屋市中区栄四丁目１８－２０ アルファ栄ビル１,052-238-4330,1,1,,https://store.yayoiken.com/b/yayoiken/info/1458/,※ラストオーダーは閉店時間の30分前です。,800,2300,800,2300,800,2300,800,2300,800,2300,800,2300,800,2300
1696,23,愛知県,岡崎市,やよい軒 岡崎岩津店,愛知県岡崎市岩津町於御所１９４－１,0564-66-8005,1,1,1,https://store.yayoiken.com/b/yayoiken/info/1696/,※ラストオーダーは閉店時間の30分前です。,1000,2300,1000,2300,1000,2300,1000,2300,1000,2300,1000,2300,1000,2300
1765,23,愛知県,名古屋市守山区,やよい軒 名古屋小幡店,愛知県名古屋市守山区小幡南１丁目１－２７,052-758-5030,1,1,1,https://store.yayoiken.com/b/yayoiken/info/1765/,※ラストオーダーは閉店時間の30分前です。<br />※祝日は、土曜・日曜と同じ営業時間になります。,1000,2300,1000,2300,1000,2300,1000,2300,1000,2300,700,2300,700,2300
2061,23,愛知県,丹羽郡扶桑町,やよい軒 扶桑店,愛知県丹羽郡扶桑町高雄下野７,0587-91-1192,1,1,1,https://store.yayoiken.com/b/yayoiken/info/2061/,※ラストオーダーは閉店時間の30分前です。,1000,2300,1000,2300,1000,2300,1000,2300,1000,2300,1000,2300,1000,2300
2123,23,愛知県,名古屋市中区,やよい軒 名古屋伏見店,愛知県名古屋市中区栄１丁目４－９ 加藤ビル１Ｆ,052-218-7319,1,,,https://store.yayoiken.com/b/yayoiken/info/2123/,※ラストオーダーは閉店時間の30分前です。,700,2300,700,2300,700,2300,700,2300,700,2300,700,2300,700,2300
2125,23,愛知県,豊田市,やよい軒 豊田寿町店,愛知県豊田市寿町７丁目３４－１,0565-74-0488,1,1,1,https://store.yayoiken.com/b/yayoiken/info/2125/,※ラストオーダーは閉店時間の30分前です。<br />※祝日は、土曜・日曜と同じ営業時間になります。,1000,2300,1000,2300,1000,2300,1000,2300,1000,2300,700,2300,700,2300
2218,23,愛知県,名古屋市中区,やよい軒 久屋大通駅前店,愛知県名古屋市中区錦３丁目５ー１４,052-959-3576,1,1,,https://store.yayoiken.com/b/yayoiken/info/2218/,※ラストオーダーは閉店時間の30分前です。,700,2300,700,2300,700,2300,700,2300,700,2300,700,2300,700,2300
2256,23,愛知県,岡崎市,やよい軒 岡崎若松東店,愛知県岡崎市若松東一丁目７－１９,0564-55-5588,1,1,1,https://store.yayoiken.com/b/yayoiken/info/2256/,※ラストオーダーは閉店時間の30分前です。,1000,2300,1000,2300,1000,2300,1000,2300,1000,2300,1000,2300,1000,2300
2267,23,愛知県,一宮市,やよい軒 一宮公園通店,愛知県一宮市公園通６－２,080-7486-8095,1,1,1,https://store.yayoiken.com/b/yayoiken/info/2267/,※ラストオーダーは閉店時間の30分前です。,1000,2300,1000,2300,1000,2300,1000,2300,1000,2300,1000,2300,1000,2300
2270,23,愛知県,名古屋市千種区,やよい軒 今池店,愛知県名古屋市千種区今池４丁目１１番１０,080-4093-4130,1,1,,https://store.yayoiken.com/b/yayoiken/info/2270/,※ラストオーダーは閉店時間の30分前です。,500,300,500,300,500,300,500,300,500,300,500,300,500,300
2281,23,愛知県,西尾市,やよい軒 西尾今川町店,愛知県西尾市今川町落３２番,080-7554-6805,1,1,1,https://store.yayoiken.com/b/yayoiken/info/2281/,※ラストオーダーは閉店時間の30分前です。,1000,2300,1000,2300,1000,2300,1000,2300,1000,2300,1000,2300,1000,2300
1917,24,三重県,桑名市,やよい軒 桑名江場店,三重県桑名市大字江場１３９４－５,0594-25-8060,1,1,1,https://store.yayoiken.com/b/yayoiken/info/1917/,※ラストオーダーは閉店時間の30分前です。<br />※祝日は、土曜・日曜と同じ営業時間になります。,1000,2300,1000,2300,1000,2300,1000,2300,1000,2300,700,2300,700,2300
2011,24,三重県,四日市市,やよい軒 四日市追分店,三重県四日市市追分１－１－２１,059-349-6080,1,1,1,https://store.yayoiken.com/b/yayoiken/info/2011/,※ラストオーダーは閉店時間の30分前です。,1000,100,1000,100,1000,100,1000,100,1000,100,1000,100,1000,100
2269,24,三重県,鈴鹿市,やよい軒 鈴鹿中央店,三重県鈴鹿市神戸４丁目１４番５号,080-4091-7868,1,1,1,https://store.yayoiken.com/b/yayoiken/info/2269/,※ラストオーダーは閉店時間の30分前です。,1000,2300,1000,2300,1000,2300,1000,2300,1000,2300,1000,2300,1000,2300
2272,24,三重県,鈴鹿市,やよい軒 鈴鹿南江島町店,三重県鈴鹿市南江島町２５番１５号,080-7555-1265,1,1,1,https://store.yayoiken.com/b/yayoiken/info/2272/,※ラストオーダーは閉店時間の30分前です。,1000,2300,1000,2300,1000,2300,1000,2300,1000,2300,1000,2300,1000,2300
1459,25,滋賀県,野洲市,やよい軒 野洲店,滋賀県野洲市小篠原字妻戸８３７－１,077-518-1038,1,1,1,https://store.yayoiken.com/b/yayoiken/info/1459/,※ラストオーダーは閉店時間の30分前です。,1000,2300,1000,2300,1000,2300,1000,2300,1000,2300,1000,2300,1000,2300
1477,25,滋賀県,湖南市,やよい軒 イオンタウン湖南店,滋賀県湖南市岩根４５８０,0748-71-2030,1,1,1,https://store.yayoiken.com/b/yayoiken/info/1477/,※ラストオーダーは閉店時間の30分前です。,1000,2300,1000,2300,1000,2300,1000,2300,1000,2300,1000,2300,1000,2300
1721,25,滋賀県,彦根市,やよい軒 彦根店,滋賀県彦根市西沼波町２５５番地１,0749-21-2033,1,1,1,https://store.yayoiken.com/b/yayoiken/info/1721/,※ラストオーダーは閉店時間の30分前です。,1000,2300,1000,2300,1000,2300,1000,2300,1000,2300,1000,2300,1000,2300
1793,25,滋賀県,東近江市,やよい軒 八日市店,滋賀県東近江市東沖野３丁目１－３,0748-22-5469,1,1,1,https://store.yayoiken.com/b/yayoiken/info/1793/,※ラストオーダーは閉店時間の30分前です。,1000,2300,1000,2300,1000,2300,1000,2300,1000,2300,1000,2300,1000,2300
02295,26,京都府,京都市南区,やよい軒 京都吉祥院店,京都府京都市南区吉祥院中河原里西町15,080-7480-5040,1,1,1,https://store.yayoiken.com/b/yayoiken/info/02295/,※ラストオーダーは閉店時間の30分前です。,1000,2300,1000,2300,1000,2300,1000,2300,1000,2300,1000,2300,1000,2300
1239,26,京都府,京都市下京区,やよい軒 五条烏丸店,京都府京都市下京区五条烏丸東入松屋町４１６,075-353-1805,1,,,https://store.yayoiken.com/b/yayoiken/info/1239/,※ラストオーダーは閉店時間の30分前です。,700,2300,700,2300,700,2300,700,2300,700,2300,700,2300,700,2300
1253,26,京都府,久世郡久御山町,やよい軒 久御山店,京都府久世郡久御山町下津屋北野町２３ー１ー２,0774-41-2890,1,1,1,https://store.yayoiken.com/b/yayoiken/info/1253/,【ラストオーダー】<br />※ラストオーダーは閉店時間の30分前です。,500,400,500,400,500,400,500,400,500,400,500,400,500,400
1796,26,京都府,京都市中京区,やよい軒 京都二条店,京都府京都市中京区西ノ京東栂尾町３ ＪＲ二条駅ＮＫビル１階,075-803-2902,1,,,https://store.yayoiken.com/b/yayoiken/info/1796/,※ラストオーダーは閉店時間の30分前です。,700,2300,700,2300,700,2300,700,2300,700,2300,700,2300,700,2300
1882,26,京都府,京都市上京区,やよい軒 烏丸今出川店,京都府京都市上京区今出川町３１３,075-417-0188,1,,,https://store.yayoiken.com/b/yayoiken/info/1882/,※ラストオーダーは閉店時間の30分前です。,500,300,500,300,500,300,500,300,500,300,500,300,500,300
1884,26,京都府,京都市西京区,やよい軒 京都沓掛店,京都府京都市西京区大枝沓掛町１３－２０８,075-335-1601,1,1,1,https://store.yayoiken.com/b/yayoiken/info/1884/,※ラストオーダーは閉店時間の30分前です。,1000,2300,1000,2300,1000,2300,1000,2300,1000,2300,1000,2300,1000,2300
2050,26,京都府,京都市下京区,やよい軒 四条烏丸店,京都府京都市下京区四条通西洞院東入新釜座町７１６－１－２ 四条平野ビル,075-254-1258,1,,,https://store.yayoiken.com/b/yayoiken/info/2050/,※店舗メンテナンス等で閉店する場合、閉店時間の30分前がラストオーダーです。,0,2400,0,2400,0,2400,0,2400,0,2400,0,2400,0,2400
2095,26,京都府,京都市中京区,やよい軒 河原町三条店,京都府京都市中京区河原町三条上る恵比須町４３４ー３,075-213-7675,1,,,https://store.yayoiken.com/b/yayoiken/info/2095/,※ラストオーダーは閉店時間の30分前です。,500,300,500,300,500,300,500,300,500,300,500,300,500,300
2145,26,京都府,京都市中京区,やよい軒 烏丸御池店,京都府京都市中京区東洞院通御池下る笹屋町４３６番４ 永和御池ビル１Ｆ,075-253-1310,1,,,https://store.yayoiken.com/b/yayoiken/info/2145/,※ラストオーダーは閉店時間の30分前です。,700,2300,700,2300,700,2300,700,2300,700,2300,700,2300,700,2300
2153,26,京都府,京都市南区,やよい軒 京都駅八条口店,京都府京都市南区西九条北ノ内町４５,075-693-2415,1,,,https://store.yayoiken.com/b/yayoiken/info/2153/,※ラストオーダーは閉店時間の30分前です。,700,2300,700,2300,700,2300,700,2300,700,2300,700,2300,700,2300
2255,26,京都府,京都市右京区,やよい軒 西院店,京都府京都市右京区西院三蔵町１２番地,075-312-6826,1,1,,https://store.yayoiken.com/b/yayoiken/info/2255/,※ラストオーダーは閉店時間の30分前です。,700,2300,700,2300,700,2300,700,2300,700,2300,700,2300,700,2300
1075,27,大阪府,大阪市西区,やよい軒 九条店,大阪府大阪市西区九条１丁目１０－７,06-6585-3621,1,1,,https://store.yayoiken.com/b/yayoiken/info/1075/,※ラストオーダーは閉店時間の30分前です。,400,300,400,300,400,300,400,300,400,300,400,300,400,300
1083,27,大阪府,大阪市中央区,やよい軒 日本橋店,大阪府大阪市中央区日本橋１丁目５－１３,06-6214-7351,1,,,https://store.yayoiken.com/b/yayoiken/info/1083/,※店舗メンテナンス等で閉店する場合、閉店時間の30分前がラストオーダーです。,0,2400,0,2400,0,2400,0,2400,0,2400,0,2400,0,2400
1097,27,大阪府,吹田市,やよい軒 江坂店,大阪府吹田市豊津町１４－４,06-6190-5371,1,1,,https://store.yayoiken.com/b/yayoiken/info/1097/,※店舗メンテナンス等で閉店する場合、閉店時間の30分前がラストオーダーです。,0,2400,0,2400,0,2400,0,2400,0,2400,0,2400,0,2400
1154,27,大阪府,大阪市中央区,やよい軒 本町通り店,大阪府大阪市中央区本町３丁目１－６ 羽州本町ビル１Ｆ,06-6265-3052,1,,,https://store.yayoiken.com/b/yayoiken/info/1154/,※ラストオーダーは閉店時間の30分前です。,1000,2300,1000,2300,1000,2300,1000,2300,1000,2300,1000,2300,1000,2300
1162,27,大阪府,大阪市北区,やよい軒 梅田東店,大阪府大阪市北区 堂山町 １７?１５ Axis Umeda.II.Bld.１ｆ,06-6130-9885,1,,,https://store.yayoiken.com/b/yayoiken/info/1162/,※ラストオーダーは閉店時間の30分前です。,400,300,400,300,400,300,400,300,400,300,400,300,400,300
1211,27,大阪府,茨木市,やよい軒 ＪＲ茨木店,大阪府茨木市西駅前町４－３５,072-631-6775,1,,,https://store.yayoiken.com/b/yayoiken/info/1211/,※ラストオーダーは閉店時間の15分前です。,700,2315,700,2315,700,2315,700,2315,700,2315,700,2315,700,2315
1233,27,大阪府,大阪市西区,やよい軒 阿波座店,大阪府大阪市西区西本町３丁目１－１７,06-4391-3975,1,,,https://store.yayoiken.com/b/yayoiken/info/1233/,※ラストオーダーは閉店時間の30分前です。,1000,2300,1000,2300,1000,2300,1000,2300,1000,2300,1000,2300,1000,2300
1235,27,大阪府,大阪市中央区,やよい軒 内本町店,大阪府大阪市中央区内本町１－３－１０ 内本町ビューハイツ１Ｆ,06-4794-7661,1,,,https://store.yayoiken.com/b/yayoiken/info/1235/,※ラストオーダーは閉店時間の30分前です。,700,2300,700,2300,700,2300,700,2300,700,2300,700,2300,700,2300
1259,27,大阪府,大阪市福島区,やよい軒 野田阪神店,大阪府大阪市福島区海老江１丁目１－６,06-6442-8711,1,,,https://store.yayoiken.com/b/yayoiken/info/1259/,※ラストオーダーは閉店時間の30分前です。,500,400,500,400,500,400,500,400,500,400,500,400,500,400
1263,27,大阪府,茨木市,やよい軒 阪急茨木店,大阪府茨木市双葉町９－２１,072-652-3961,1,,,https://store.yayoiken.com/b/yayoiken/info/1263/,※ラストオーダーは閉店時間の30分前です。,500,400,500,400,500,400,500,400,500,400,500,400,500,400
1314,27,大阪府,和泉市,やよい軒 和泉中央店,大阪府和泉市いぶき野５丁目１－１４,0725-57-1048,1,1,1,https://store.yayoiken.com/b/yayoiken/info/1314/,※ラストオーダーは閉店時間の30分前です。,1000,2300,1000,2300,1000,2300,1000,2300,1000,2300,1000,2300,1000,2300
1337,27,大阪府,大阪市淀川区,やよい軒 西中島５丁目店,大阪府大阪市淀川区西中島５丁目９－８,06-4805-7005,1,,,https://store.yayoiken.com/b/yayoiken/info/1337/,※ラストオーダーは閉店時間の30分前です。,1000,2300,1000,2300,1000,2300,1000,2300,1000,2300,1000,2300,1000,2300
1360,27,大阪府,大阪市中央区,やよい軒 堺筋本町店,大阪府大阪市中央区博労町１丁目９－１２,06-6260-7150,1,,,https://store.yayoiken.com/b/yayoiken/info/1360/,※ラストオーダーは閉店時間の30分前です。,1000,2300,1000,2300,1000,2300,1000,2300,1000,2300,1000,2300,1000,2300
1394,27,大阪府,門真市,やよい軒 京阪大和田駅前店,大阪府門真市野里町６－１９,072-887-7004,1,1,,https://store.yayoiken.com/b/yayoiken/info/1394/,※ラストオーダーは閉店時間の30分前です。,700,2400,700,2400,700,2400,700,2400,700,2400,700,2400,700,2400
1428,27,大阪府,池田市,やよい軒 阪急池田店,大阪府池田市栄町１－１阪急池田ブランマルシェ１番館,072-752-0557,1,1,,https://store.yayoiken.com/b/yayoiken/info/1428/,※ラストオーダーは閉店時間の30分前です。,1000,2300,1000,2300,1000,2300,1000,2300,1000,2300,1000,2300,1000,2300
1431,27,大阪府,大阪市都島区,やよい軒 京橋店,大阪府大阪市都島区東野田町４丁目６－９,06-4801-9966,1,,,https://store.yayoiken.com/b/yayoiken/info/1431/,※ラストオーダーは閉店時間の30分前です。,1000,2300,1000,2300,1000,2300,1000,2300,1000,2300,1000,2300,1000,2300
1750,27,大阪府,岸和田市,やよい軒 岸和田三田町店,大阪府岸和田市三田町６２２,072-448-6288,1,1,1,https://store.yayoiken.com/b/yayoiken/info/1750/,※ラストオーダーは閉店時間の30分前です。,1000,2300,1000,2300,1000,2300,1000,2300,1000,2300,1000,2300,1000,2300
1758,27,大阪府,大阪市住吉区,やよい軒 長居店,大阪府大阪市住吉区長居東４丁目１番１２号,06-6696-6366,1,,,https://store.yayoiken.com/b/yayoiken/info/1758/,※ラストオーダーは閉店時間の30分前です。,400,300,400,300,400,300,400,300,400,300,400,300,400,300
1797,27,大阪府,高槻市,やよい軒 高槻店,大阪府高槻市北園町１８－１ コーケンビル１Ｆ,072-685-9850,1,,,https://store.yayoiken.com/b/yayoiken/info/1797/,※ラストオーダーは閉店時間の30分前です。,400,300,400,300,400,300,400,300,400,300,400,300,400,300
1815,27,大阪府,大阪市東成区,やよい軒 鶴橋店,大阪府大阪市東成区東小橋３丁目１２－１６,06-4259-5005,1,1,,https://store.yayoiken.com/b/yayoiken/info/1815/,※ラストオーダーは閉店時間の30分前です。,700,2300,700,2300,700,2300,700,2300,700,2300,700,2300,700,2300
1824,27,大阪府,堺市堺区,やよい軒 堺東店,大阪府堺市堺区中瓦町２丁２－６,072-226-0290,1,,,https://store.yayoiken.com/b/yayoiken/info/1824/,※ラストオーダーは閉店時間の30分前です。,1000,2300,1000,2300,1000,2300,1000,2300,1000,2300,1000,2300,1000,2300
1930,27,大阪府,大阪市天王寺区,やよい軒 天王寺駅前店,大阪府大阪市天王寺区悲田院町９－１９,06-6776-9611,1,,,https://store.yayoiken.com/b/yayoiken/info/1930/,※ラストオーダーは閉店時間の30分前です。,500,300,500,300,500,300,500,300,500,300,500,300,500,300
2012,27,大阪府,守口市,やよい軒 京阪守口店,大阪府守口市寺内町２丁目１－１２ エル守口,06-6997-6671,1,1,,https://store.yayoiken.com/b/yayoiken/info/2012/,※ラストオーダーは閉店時間の30分前です。,500,400,500,400,500,400,500,400,500,400,500,400,500,400
2016,27,大阪府,大阪市北区,やよい軒 天六店,大阪府大阪市北区天神橋７丁目２－６,06-4801-8581,1,,,https://store.yayoiken.com/b/yayoiken/info/2016/,※ラストオーダーは閉店時間の30分前です。,1000,2300,1000,2300,1000,2300,1000,2300,1000,2300,1000,2300,1000,2300
2029,27,大阪府,大阪市北区,やよい軒 東天満店,大阪府大阪市北区東天満１丁目２－１,080-4092-9664,1,,,https://store.yayoiken.com/b/yayoiken/info/2029/,※ラストオーダーは閉店時間の30分前です。,700,2300,700,2300,700,2300,700,2300,700,2300,700,2300,700,2300
2065,27,大阪府,高石市,やよい軒 高石店,大阪府高石市西取石５丁目２－２４,072-267-1310,1,1,1,https://store.yayoiken.com/b/yayoiken/info/2065/,※ラストオーダーは閉店時間の30分前です。<br />※祝日は、土曜・日曜と同じ営業時間になります。,1000,100,1000,100,1000,100,1000,100,1000,100,700,100,700,100
2086,27,大阪府,大阪市西区,やよい軒 新町店,大阪府大阪市西区新町１丁目３４－１７,06-4391-4600,1,,,https://store.yayoiken.com/b/yayoiken/info/2086/,※ラストオーダーは閉店時間の30分前です。,500,300,500,300,500,300,500,300,500,300,500,300,500,300
2106,27,大阪府,大阪市浪速区,やよい軒 難波元町店,大阪府大阪市浪速区元町３丁目１－１ 鎌田ビル１Ｆ,06-6630-0211,1,,,https://store.yayoiken.com/b/yayoiken/info/2106/,※店舗メンテナンス等で閉店する場合、閉店時間の30分前がラストオーダーです,0,2400,0,2400,0,2400,0,2400,0,2400,0,2400,0,2400
2110,27,大阪府,柏原市,やよい軒 外環柏原店,大阪府柏原市本郷５丁目９６９,072-970-1222,1,1,1,https://store.yayoiken.com/b/yayoiken/info/2110/,※ラストオーダーは閉店時間の30分前です。,1000,2300,1000,2300,1000,2300,1000,2300,1000,2300,1000,2300,1000,2300
2114,27,大阪府,大阪市城東区,やよい軒 蒲生４丁目店,大阪府大阪市城東区今福西３丁目６－３２,06-6786-2881,1,1,,https://store.yayoiken.com/b/yayoiken/info/2114/,※ラストオーダーは閉店時間の30分前です。,700,2300,700,2300,700,2300,700,2300,700,2300,700,2300,700,2300
2120,27,大阪府,東大阪市,やよい軒 小阪店,大阪府東大阪市小阪１－８－１５,06-6618-8151,1,,,https://store.yayoiken.com/b/yayoiken/info/2120/,※ラストオーダーは閉店時間の30分前です。,800,2300,800,2300,800,2300,800,2300,800,2300,800,2300,800,2300
2126,27,大阪府,大阪市東淀川区,やよい軒 新大阪東口店,大阪府大阪市東淀川区東中島１丁目１９－４ ルーシッドスクエア新大阪１Ｆ,06-6990-7373,1,,,https://store.yayoiken.com/b/yayoiken/info/2126/,※ラストオーダーは閉店時間の30分前です。,700,2300,700,2300,700,2300,700,2300,700,2300,700,2300,700,2300
2137,27,大阪府,堺市中区,やよい軒 堺大野芝店,大阪府堺市中区大野芝町１７９,072-230-5006,1,1,1,https://store.yayoiken.com/b/yayoiken/info/2137/,※ラストオーダーは閉店時間の30分前です。<br />※祝日は、土曜・日曜と同じ営業時間になります。,1000,2300,1000,2300,1000,2300,1000,2300,1000,2300,700,2300,700,2300
2138,27,大阪府,大阪市浪速区,やよい軒 難波中２丁目店,大阪府大阪市浪速区難波中２丁目９－４,06-6630-8101,1,,,https://store.yayoiken.com/b/yayoiken/info/2138/,※ラストオーダーは閉店時間の15分前です。,0,2400,0,2400,0,2400,0,2400,0,2400,0,2400,0,2400
2140,27,大阪府,枚方市,やよい軒 枚方店,大阪府枚方市新町１－２－１０ 枚方テイクスリー１Ｆ,072-861-0620,1,1,,https://store.yayoiken.com/b/yayoiken/info/2140/,※ラストオーダーは閉店時間の30分前です。,500,300,500,300,500,300,500,300,500,300,500,300,500,300
2141,27,大阪府,寝屋川市,やよい軒 寝屋川讃良西町店,大阪府寝屋川市讃良西町６番１８,072-812-1155,1,1,1,https://store.yayoiken.com/b/yayoiken/info/2141/,※ラストオーダーは閉店時間の30分前です。,1000,2300,1000,2300,1000,2300,1000,2300,1000,2300,1000,2300,1000,2300
2142,27,大阪府,大阪市西区,やよい軒 フォレオ大阪ドームシティ店,大阪府大阪市西区九条南１丁目１２－３３ フォレオ大阪ドームシティ１Ｆ,06-6585-3101,1,1,1,https://store.yayoiken.com/b/yayoiken/info/2142/,※ラストオーダーは閉店時間の30分前です。,1000,2300,1000,2300,1000,2300,1000,2300,1000,2300,1000,2300,1000,2300
2150,27,大阪府,大阪市中央区,やよい軒 ＪＲ森ノ宮店,大阪府大阪市中央区森ノ宮中央１丁目１－３０,06-4790-8040,1,,,https://store.yayoiken.com/b/yayoiken/info/2150/,※ラストオーダーは閉店時間の30分前です。,700,2300,700,2300,700,2300,700,2300,700,2300,700,2300,700,2300
2158,27,大阪府,大阪市北区,やよい軒 中津店,大阪府大阪市北区中津１－１８－１８ 若杉ビル,06-6292-6163,1,,,https://store.yayoiken.com/b/yayoiken/info/2158/,※ラストオーダーは閉店時間の30分前です。,700,2300,700,2300,700,2300,700,2300,700,2300,700,2300,700,2300
2163,27,大阪府,泉佐野市,やよい軒 いこらも～る泉佐野店,大阪府泉佐野市下瓦屋２丁目２－７７,072-458-6537,1,1,1,https://store.yayoiken.com/b/yayoiken/info/2163/,※ラストオーダーは閉店時間の30分前です。,1000,2200,1000,2200,1000,2200,1000,2200,1000,2200,1000,2200,1000,2200
2164,27,大阪府,泉大津市,やよい軒 泉大津店,大阪府泉大津市東港町１５－１８,0725-20-0115,1,1,1,https://store.yayoiken.com/b/yayoiken/info/2164/,※ラストオーダーは閉店時間の30分前です。,0,2400,0,2400,0,2400,0,2400,0,2400,0,2400,0,2400
2169,27,大阪府,東大阪市,やよい軒 長田店,大阪府東大阪市長田中１丁目４－１２,06-6618-8820,1,,,https://store.yayoiken.com/b/yayoiken/info/2169/,※ラストオーダーは閉店時間の30分前です。,1000,2300,1000,2300,1000,2300,1000,2300,1000,2300,1000,2300,1000,2300
2173,27,大阪府,寝屋川市,やよい軒 香里園店,大阪府寝屋川市香里南之町２０－２３,072-837-2212,1,1,,https://store.yayoiken.com/b/yayoiken/info/2173/,※ラストオーダーは閉店時間の30分前です。,500,300,500,300,500,300,500,300,500,300,500,300,500,300
1188,28,兵庫県,西宮市,やよい軒 今津店,兵庫県西宮市今津曙町１－１ 阪神今津駅１Ｆ,0798-38-6506,1,,,https://store.yayoiken.com/b/yayoiken/info/1188/,※ラストオーダーは閉店時間の30分前です。,500,400,500,400,500,400,500,400,500,400,500,400,500,400
1301,28,兵庫県,神戸市中央区,やよい軒 三宮店,兵庫県神戸市中央区加納町４丁目１－１ ＪＲ三ノ宮駅 プリコ三宮内,078-325-0841,1,,,https://store.yayoiken.com/b/yayoiken/info/1301/,※ラストオーダーは閉店時間の30分前です。,700,2300,700,2300,700,2300,700,2300,700,2300,700,2300,700,2300
1707,28,兵庫県,姫路市,やよい軒 姫路花田店,兵庫県姫路市飾東町庄１２０番１３,079-251-0858,1,1,1,https://store.yayoiken.com/b/yayoiken/info/1707/,※ラストオーダーは閉店時間の30分前です。,1000,2300,1000,2300,1000,2300,1000,2300,1000,2300,1000,2300,1000,2300
1766,28,兵庫県,姫路市,やよい軒 姫路保城店,兵庫県姫路市保城６５４－２,079-226-5558,1,1,1,https://store.yayoiken.com/b/yayoiken/info/1766/,※ラストオーダーは閉店時間の30分前です。,1000,2300,1000,2300,1000,2300,1000,2300,1000,2300,1000,2300,1000,2300
1774,28,兵庫県,伊丹市,やよい軒 阪急伊丹店,兵庫県伊丹市中央１丁目４－２ くらすと伊丹２Ｆ,072-773-5355,1,1,,https://store.yayoiken.com/b/yayoiken/info/1774/,※ラストオーダーは閉店時間の30分前です。,1000,2300,1000,2300,1000,2300,1000,2300,1000,2300,1000,2300,1000,2300
1913,28,兵庫県,西宮市,やよい軒 阪神西宮店,兵庫県西宮市田中町１－６,0798-38-6115,1,1,,https://store.yayoiken.com/b/yayoiken/info/1913/,※ラストオーダーは閉店時間の30分前です。,1000,2300,1000,2300,1000,2300,1000,2300,1000,2300,1000,2300,1000,2300
2064,28,兵庫県,神戸市中央区,やよい軒 神戸元町店,兵庫県神戸市中央区元町通２丁目８－１４ オルタンシアビル１Ｆ,078-335-0685,1,,,https://store.yayoiken.com/b/yayoiken/info/2064/,※ラストオーダーは閉店時間の30分前です。,700,2300,700,2300,700,2300,700,2300,700,2300,700,2300,700,2300
2105,28,兵庫県,姫路市,やよい軒 姫路飾磨店,兵庫県姫路市飾磨区恵美酒２３７,079-243-2475,1,1,1,https://store.yayoiken.com/b/yayoiken/info/2105/,※ラストオーダーは閉店時間の30分前です。,1000,2300,1000,2300,1000,2300,1000,2300,1000,2300,700,2300,700,2300
1373,29,奈良県,奈良市,やよい軒 奈良大安寺店,奈良県奈良市南京終町３丁目１５３０ー１,080-4092-8042,1,1,1,https://store.yayoiken.com/b/yayoiken/info/1373/,※ラストオーダーは閉店時間の15分前です。,1000,2300,1000,2300,1000,2300,1000,2300,1000,2300,1000,2300,1000,2300
1729,29,奈良県,生駒市,やよい軒 生駒店,奈良県生駒市小明町４２８－１,0743-74-5005,1,1,1,https://store.yayoiken.com/b/yayoiken/info/1729/,※ラストオーダーは閉店時間の30分前です。,1000,2300,1000,2300,1000,2300,1000,2300,1000,2300,1000,2300,1000,2300
2152,29,奈良県,奈良市,やよい軒 奈良駅店,奈良県奈良市三条本町１－１,080-7555-0768,1,,,https://store.yayoiken.com/b/yayoiken/info/2152/,※ラストオーダーは閉店時間の30分前です。,700,2300,700,2300,700,2300,700,2300,700,2300,700,2300,700,2300
2155,29,奈良県,天理市,やよい軒 天理店,奈良県天理市三昧田町１－１,0743-67-7755,1,1,1,https://store.yayoiken.com/b/yayoiken/info/2155/,※ラストオーダーは閉店時間の30分前です。,800,2300,800,2300,800,2300,800,2300,800,2300,800,2300,800,2300
1695,30,和歌山県,和歌山市,やよい軒 和歌山インター店,和歌山県和歌山市栗栖６８５－４,073-476-5668,1,1,1,https://store.yayoiken.com/b/yayoiken/info/1695/,※ラストオーダーは閉店時間の30分前です。,1000,2300,1000,2300,1000,2300,1000,2300,1000,2300,1000,2300,1000,2300
1735,30,和歌山県,和歌山市,やよい軒 和歌山大浦店,和歌山県和歌山市湊４５－１,073-435-5018,1,1,1,https://store.yayoiken.com/b/yayoiken/info/1735/,※ラストオーダーは閉店時間の30分前です。,1000,2300,1000,2300,1000,2300,1000,2300,1000,2300,1000,2300,1000,2300
1782,30,和歌山県,橋本市,やよい軒 紀伊橋本店,和歌山県橋本市高野口町伏原９８２－１,0736-44-2935,1,1,1,https://store.yayoiken.com/b/yayoiken/info/1782/,※ラストオーダーは閉店時間の30分前です。,1000,2200,1000,2200,1000,2200,1000,2200,1000,2200,1000,2200,1000,2200
1160,33,岡山県,岡山市南区,やよい軒 岡山新保店,岡山県岡山市南区新保１１２４－１,086-223-6639,1,1,1,https://store.yayoiken.com/b/yayoiken/info/1160/,※ラストオーダーは閉店時間の30分前です。,1000,2300,1000,2300,1000,2300,1000,2300,1000,2300,1000,2300,1000,2300
1343,34,広島県,大竹市,やよい軒 ゆめタウン大竹店,広島県大竹市晴海１丁目６－１,0827-59-1858,1,1,1,https://store.yayoiken.com/b/yayoiken/info/1343/,※ラストオーダーは閉店時間の30分前です。,1000,2100,1000,2100,1000,2100,1000,2100,1000,2100,1000,2100,1000,2100
1375,34,広島県,東広島市,やよい軒 東広島店,広島県東広島市西条土与丸１丁目５－７,080-4090‐0353,1,1,1,https://store.yayoiken.com/b/yayoiken/info/1375/,※ラストオーダーは閉店時間の30分前です。,1000,2100,1000,2100,1000,2100,1000,2100,1000,2100,1000,2100,1000,2100
1464,34,広島県,広島市南区,やよい軒 稲荷町店,広島県広島市南区稲荷町１－１,082-568-1617,1,,,https://store.yayoiken.com/b/yayoiken/info/1464/,※ラストオーダーは閉店時間の30分前です。<br />,1000,2230,1000,2230,1000,2230,1000,2230,1000,2230,1000,2230,1000,2230
2054,34,広島県,広島市中区,やよい軒 三川町店,広島県広島市中区三川町８－２２,082-545-1237,1,,,https://store.yayoiken.com/b/yayoiken/info/2054/,※ラストオーダーは閉店時間の30分前です。,1000,500,1000,500,1000,500,1000,500,1000,500,1000,500,1000,500
2096,34,広島県,広島市安佐南区,やよい軒 長楽寺店,広島県広島市安佐南区長楽寺１－７,082-832-7515,1,1,1,https://store.yayoiken.com/b/yayoiken/info/2096/,※ラストオーダーは閉店時間の30分前です。,1000,2400,1000,2400,1000,2400,1000,2400,1000,2400,1000,2400,1000,2400
1482,35,山口県,周南市,やよい軒 周南城ヶ丘店,山口県周南市城ヶ丘１丁目１－３１,0834-39-1133,1,1,1,https://store.yayoiken.com/b/yayoiken/info/1482/,※ラストオーダーは閉店時間の30分前です。,1000,2200,1000,2200,1000,2200,1000,2200,1000,2200,1000,2200,1000,2200
2013,35,山口県,山口市,やよい軒 山口大学前店,山口県山口市平井７２４－１,083-921-6117,1,1,1,https://store.yayoiken.com/b/yayoiken/info/2013/,※ラストオーダーは閉店時間の30分前です。,1000,2400,1000,2400,1000,2400,1000,2400,1000,2400,1000,2400,1000,2400
2045,35,山口県,下関市,やよい軒 下関長府店,山口県下関市長府才川２丁目３－１８,083-249-2727,1,1,1,https://store.yayoiken.com/b/yayoiken/info/2045/,※ラストオーダーは閉店時間の30分前です。,1000,2200,1000,2200,1000,2200,1000,2200,1000,2200,1000,2200,1000,2200
2081,35,山口県,防府市,やよい軒 防府店,山口県防府市高倉１丁目１－１,0835-26-6226,1,1,1,https://store.yayoiken.com/b/yayoiken/info/2081/,※ラストオーダーは閉店時間の30分前です。,1000,2200,1000,2200,1000,2200,1000,2200,1000,2200,1000,2200,1000,2200
1460,37,香川県,高松市,やよい軒 高松東バイパス店,香川県高松市林町２５３５番２０,087-815-1336,1,1,1,https://store.yayoiken.com/b/yayoiken/info/1460/,※ラストオーダーは閉店時間の30分前です。,1000,2300,1000,2300,1000,2300,1000,2300,1000,2300,1000,2300,1000,2300
1883,37,香川県,高松市,やよい軒 高松春日町店,香川県高松市春日町１７０６－１,087-841-8101,1,1,1,https://store.yayoiken.com/b/yayoiken/info/1883/,※ラストオーダーは閉店時間の30分前です。,1000,2300,1000,2300,1000,2300,1000,2300,1000,2300,1000,2300,1000,2300
1472,38,愛媛県,松山市,やよい軒 松山福音寺店,愛媛県松山市福音寺町４８２－１,089-913-1553,1,1,1,https://store.yayoiken.com/b/yayoiken/info/1472/,※ラストオーダーは閉店時間の30分前です。,1000,2300,1000,2300,1000,2300,1000,2300,1000,2300,1000,2300,1000,2300
1474,38,愛媛県,伊予郡松前町,やよい軒 エミフルＭＡＳＡＫＩ店,愛媛県伊予郡松前町筒井８５０ エミフルMASAKIエミグルメ内,089-985-4888,1,1,1,https://store.yayoiken.com/b/yayoiken/info/1474/,※ラストオーダーは閉店時間の30分前です。,1000,2300,1000,2300,1000,2300,1000,2300,1000,2300,1000,2300,1000,2300
1195,40,福岡県,糟屋郡新宮町,やよい軒 新宮店,福岡県糟屋郡新宮町新宮東４丁目１０番１２号,092-940-5892,1,1,1,https://store.yayoiken.com/b/yayoiken/info/1195/,※ラストオーダーは閉店時間の30分前です。,800,2300,800,2300,800,2300,800,2300,800,2300,800,2300,800,2300
1199,40,福岡県,福岡市博多区,やよい軒 呉服町店,福岡県福岡市博多区中呉服町１－２２－１Ｆ,092-273-1727,1,,,https://store.yayoiken.com/b/yayoiken/info/1199/,※ラストオーダーは閉店時間の30分前です。<br />,700,2300,700,2300,700,2300,700,2300,700,2300,700,2300,700,2300
1201,40,福岡県,福岡市中央区,やよい軒 天神２丁目店,福岡県福岡市中央区天神２丁目１３－１６,080-4090-4084,1,,,https://store.yayoiken.com/b/yayoiken/info/1201/,※ラストオーダーは閉店時間の30分前です。,900,2300,900,2300,900,2300,900,2300,900,2300,900,2300,900,2300
1213,40,福岡県,福岡市博多区,やよい軒 福岡空港通り店,福岡県福岡市博多区東光２－２２－１,092-433-2105,1,1,1,https://store.yayoiken.com/b/yayoiken/info/1213/,※ラストオーダーは閉店時間の30分前です。,1000,2400,1000,2400,1000,2400,1000,2400,1000,2400,1000,2400,1000,2400
1248,40,福岡県,福岡市東区,やよい軒 箱崎店,福岡県福岡市東区箱崎２丁目４８－８,092-643-8071,1,1,1,https://store.yayoiken.com/b/yayoiken/info/1248/,※ラストオーダーは閉店時間の30分前です。,1000,2400,1000,2400,1000,2400,1000,2400,1000,2400,1000,2400,1000,2400
1272,40,福岡県,福岡市博多区,やよい軒 半道橋店,福岡県福岡市博多区博多区半道橋２丁目２－７,092-432-5725,1,1,1,https://store.yayoiken.com/b/yayoiken/info/1272/,※ラストオーダーは閉店時間の30分前です。,1000,2400,1000,2400,1000,2400,1000,2400,1000,2400,1000,2400,1000,2400
1308,40,福岡県,福岡市博多区,やよい軒 博多祇園店,福岡県福岡市博多区祇園町１－２４－１Ｆ,092-263-8805,1,,,https://store.yayoiken.com/b/yayoiken/info/1308/,※ラストオーダーは閉店時間の30分前です。,1000,2300,1000,2300,1000,2300,1000,2300,1000,2300,1000,2300,1000,2300
1336,40,福岡県,大野城市,やよい軒 イオン大野城店,福岡県大野城市錦町４丁目１－１ イオン大野城１Ｆ,092-588-7178,1,1,1,https://store.yayoiken.com/b/yayoiken/info/1336/,※ラストオーダーは閉店時間の30分前です。,1000,2200,1000,2200,1000,2200,1000,2200,1000,2200,1000,2200,1000,2200
1372,40,福岡県,福岡市南区,やよい軒 横手南店,福岡県福岡市南区横手南町３３－７,092-588-9225,1,1,1,https://store.yayoiken.com/b/yayoiken/info/1372/,※ラストオーダーは閉店時間の30分前です。,700,2400,700,2400,700,2400,700,2400,700,300,500,300,500,2400
1400,40,福岡県,宗像市,やよい軒 宗像店,福岡県宗像市王丸７８６－１,0940-37-5717,1,1,1,https://store.yayoiken.com/b/yayoiken/info/1400/,※ラストオーダーは閉店時間の30分前です。,700,2300,700,2300,700,2300,700,2300,700,2300,700,2300,700,2300
1478,40,福岡県,行橋市,やよい軒 コスタ行橋店,福岡県行橋市西泉６丁目１－１,0930-26-8815,1,1,1,https://store.yayoiken.com/b/yayoiken/info/1478/,※ラストオーダーは閉店時間の30分前です。,1000,2200,1000,2200,1000,2200,1000,2200,1000,2200,1000,2200,1000,2200
1499,40,福岡県,福岡市早良区,やよい軒 小田部店,福岡県福岡市早良区小田部１－１０－１４,092-832-9201,1,1,1,https://store.yayoiken.com/b/yayoiken/info/1499/,※ラストオーダーは閉店時間の30分前です。,900,2400,900,2400,900,2400,900,2400,900,2400,900,2400,900,2400
1722,40,福岡県,北九州市八幡西区,やよい軒 本城店,福岡県北九州市八幡西区千代ケ崎１丁目１５－１４,093-695-0522,1,1,1,https://store.yayoiken.com/b/yayoiken/info/1722/,※ラストオーダーは閉店時間の30分前です。,1000,2400,1000,2400,1000,2400,1000,2400,1000,2400,1000,2400,1000,2400
1745,40,福岡県,福津市,やよい軒 福津店,福岡県福津市手光南１丁目９－１０,0940-38-5120,1,1,1,https://store.yayoiken.com/b/yayoiken/info/1745/,※ラストオーダーは閉店時間の30分前です。,1000,2300,1000,2300,1000,2300,1000,2300,1000,2300,1000,2300,1000,2300
1780,40,福岡県,筑後市,やよい軒 筑後店,福岡県筑後市大字前津字柳ノ内２８ー４,0942-42-3737,1,1,1,https://store.yayoiken.com/b/yayoiken/info/1780/,※ラストオーダーは閉店時間の30分前です。,1000,2200,1000,2200,1000,2200,1000,2200,1000,2200,1000,2200,1000,2200
1794,40,福岡県,福岡市東区,やよい軒 和白店,福岡県福岡市東区和白２丁目１１番１号,092-605-7111,1,1,1,https://store.yayoiken.com/b/yayoiken/info/1794/,※ラストオーダーは閉店時間の30分前です。,1000,2300,1000,2300,1000,2300,1000,2300,1000,2300,1000,2300,1000,2300
1801,40,福岡県,直方市,やよい軒 直方店,福岡県直方市大字知古７７１番７,0949-29-1212,1,1,1,https://store.yayoiken.com/b/yayoiken/info/1801/,※ラストオーダーは閉店時間の30分前です。,700,2300,700,2300,700,2300,700,2300,700,2300,700,2300,700,2300
1803,40,福岡県,福岡市博多区,やよい軒 月隈店,福岡県福岡市博多区月隈４丁目４－２５,092-504-1081,1,1,1,https://store.yayoiken.com/b/yayoiken/info/1803/,※ラストオーダーは閉店時間の30分前です。,1000,2300,1000,2300,1000,2300,1000,2300,1000,2300,1000,2300,1000,2300
1826,40,福岡県,北九州市小倉南区,やよい軒 小倉沼本町店,福岡県北九州市小倉南区沼本町４丁目１５番２０号,093-474-8033,1,1,1,https://store.yayoiken.com/b/yayoiken/info/1826/,※ラストオーダーは閉店時間の30分前です。,1000,2200,1000,2200,1000,2200,1000,2200,1000,2200,1000,2200,1000,2200
1893,40,福岡県,福岡市西区,やよい軒 石丸店,福岡県福岡市西区石丸３丁目４ー２６,092-894-2215,1,1,1,https://store.yayoiken.com/b/yayoiken/info/1893/,※ラストオーダーは閉店時間の30分前です。,500,300,500,300,500,300,500,300,500,300,500,300,500,300
1900,40,福岡県,福岡市博多区,やよい軒 光丘店,福岡県福岡市博多区光丘町２丁目１－１１,092-588-1555,1,1,1,https://store.yayoiken.com/b/yayoiken/info/1900/,※ラストオーダーは閉店時間の30分前です。<br />※祝日は、土曜・日曜と同じ営業時間になります。,1000,2300,1000,2300,1000,2300,1000,2300,1000,2300,700,2300,700,2300
1944,40,福岡県,飯塚市,やよい軒 飯塚店,福岡県飯塚市堀池９２－１,0948-30-1008,1,1,1,https://store.yayoiken.com/b/yayoiken/info/1944/,※ラストオーダーは閉店時間の30分前です。,1000,2300,1000,2300,1000,2300,1000,2300,1000,2300,1000,2300,1000,2300
2036,40,福岡県,久留米市,やよい軒 上津店,福岡県久留米市上津１丁目１－１２,0942-21-0533,1,1,1,https://store.yayoiken.com/b/yayoiken/info/2036/,※ラストオーダーは閉店時間の30分前です。,1000,2300,1000,2300,1000,2300,1000,2300,1000,2300,1000,2300,1000,2300
2055,40,福岡県,福岡市早良区,やよい軒 西新店,福岡県福岡市早良区西新３－２－３,092-832-3521,1,,,https://store.yayoiken.com/b/yayoiken/info/2055/,※ラストオーダーは閉店時間の30分前です。,500,300,500,300,500,300,500,300,500,300,500,300,500,300
2102,40,福岡県,京都郡苅田町,やよい軒 苅田店,福岡県京都郡苅田町幸町６－７６,093-436-3301,1,1,1,https://store.yayoiken.com/b/yayoiken/info/2102/,※ラストオーダーは閉店時間の30分前です。,700,2300,700,2300,700,2300,700,2300,700,2300,700,2300,700,2300
2113,40,福岡県,福岡市南区,やよい軒 大橋店,福岡県福岡市南区大橋１丁目１６－１,092-557-8122,1,,,https://store.yayoiken.com/b/yayoiken/info/2113/,※ラストオーダーは閉店時間の30分前です。,500,300,500,300,500,300,500,300,500,300,500,300,500,300
2122,40,福岡県,太宰府市,やよい軒 太宰府店,福岡県太宰府市向佐野３丁目１番２６号,092-918-3847,1,1,1,https://store.yayoiken.com/b/yayoiken/info/2122/,※ラストオーダーは閉店時間の30分前です。,700,2400,700,2400,700,2400,700,2400,700,2400,700,2400,700,2400
2146,40,福岡県,久留米市,やよい軒 久留米合川店,福岡県久留米市合川町字大ソトバ１７６９ー１,0942-46-2205,1,1,1,https://store.yayoiken.com/b/yayoiken/info/2146/,※ラストオーダーは閉店時間の30分前です。,1000,2300,1000,2300,1000,2300,1000,2300,1000,2300,1000,2300,1000,2300
2166,40,福岡県,福岡市博多区,やよい軒 筑紫口店,福岡県福岡市博多区 博多駅東 ２丁目 １−２６ 博多ターミナルホテル,080-7480-5208,1,,,https://store.yayoiken.com/b/yayoiken/info/2166/,※ラストオーダーは閉店時間の30分前です。,630,2300,630,2300,630,2300,630,2300,630,2300,630,2300,630,2300
2175,40,福岡県,福岡市中央区,やよい軒 高砂店,福岡県福岡市中央区高砂１丁目１－２５,092-534-2505,1,,,https://store.yayoiken.com/b/yayoiken/info/2175/,※ラストオーダーは閉店時間の30分前です。,900,2300,900,2300,900,2300,900,2300,900,2300,900,2300,900,2300
1874,41,佐賀県,唐津市,やよい軒 唐津店,佐賀県唐津市町田１７６７,0955-70-1778,1,1,1,https://store.yayoiken.com/b/yayoiken/info/1874/,※ラストオーダーは閉店時間の30分前です。,1000,2300,1000,2300,1000,2300,1000,2300,1000,2300,1000,2300,1000,2300
1905,41,佐賀県,佐賀市,やよい軒 高木瀬店,佐賀県佐賀市高木瀬町長瀬１６７８ー７,0952-36-6660,1,1,1,https://store.yayoiken.com/b/yayoiken/info/1905/,※ラストオーダーは閉店時間の30分前です。,1000,2200,1000,2200,1000,2200,1000,2200,1000,2200,1000,2200,1000,2200
2159,41,佐賀県,鳥栖市,やよい軒 鳥栖店,佐賀県鳥栖市元町１３６０－２,0942-81-2250,1,1,1,https://store.yayoiken.com/b/yayoiken/info/2159/,※ラストオーダーは閉店時間の30分前です。,1000,2300,1000,2300,1000,2300,1000,2300,1000,2300,1000,2300,1000,2300
1867,42,長崎県,諫早市,やよい軒 諫早店,長崎県諫早市小川町２７番１,0957-35-1011,1,1,1,https://store.yayoiken.com/b/yayoiken/info/1867/,※ラストオーダーは閉店時間の30分前です。,1000,2300,1000,2300,1000,2300,1000,2300,1000,2300,1000,2300,1000,2300
1958,42,長崎県,大村市,やよい軒 長崎空港通り店,長崎県大村市古賀島町５２５－１,0957-53-9090,1,1,1,https://store.yayoiken.com/b/yayoiken/info/1958/,※ラストオーダーは閉店時間の30分前です。,800,2200,800,2200,800,2200,800,2200,800,2200,800,2200,800,2200
2129,42,長崎県,佐世保市,やよい軒 大野モール店,長崎県佐世保市瀬戸越４丁目６－１,0956-40-0820,1,1,1,https://store.yayoiken.com/b/yayoiken/info/2129/,※ラストオーダーは閉店時間の30分前です。,1000,2200,1000,2200,1000,2200,1000,2200,1000,2200,1000,2200,1000,2200
1058,43,熊本県,熊本市中央区,やよい軒 下通店,熊本県熊本市中央区下通２丁目１－３０,096-211-3227,1,1,,https://store.yayoiken.com/b/yayoiken/info/1058/,【ラストオーダー】<br />※閉店時間の30分前がラストオーダーです。,900,2300,900,2300,900,2300,900,2300,900,2300,900,2300,900,2300
1363,43,熊本県,上益城郡嘉島町,やよい軒 嘉島店,熊本県上益城郡嘉島町上島２１６７ー１,080-4092-7293,1,1,1,https://store.yayoiken.com/b/yayoiken/info/1363/,※ラストオーダーは閉店時間の30分前です。,1000,2200,1000,2200,1000,2200,1000,2200,1000,2200,1000,2200,1000,2200
2168,43,熊本県,熊本市南区,やよい軒 南高江店,熊本県熊本市南区南高江３丁目５－９７,096-358-5015,1,1,,https://store.yayoiken.com/b/yayoiken/info/2168/,※ラストオーダーは閉店時間の30分前です。,800,2300,800,2300,800,2300,800,2300,800,2300,800,2300,800,2300
1461,44,大分県,大分市,やよい軒 大分下郡店,大分県大分市下郡南３丁目６番３号,097-504-7117,1,1,1,https://store.yayoiken.com/b/yayoiken/info/1461/,※ラストオーダーは閉店時間の30分前です。,1000,2300,1000,2300,1000,2300,1000,2300,1000,2300,1000,2300,1000,2300
2044,44,大分県,大分市,やよい軒 敷戸店,大分県大分市大字鴛野字中縄手８７０－１,097-503-9680,1,1,1,https://store.yayoiken.com/b/yayoiken/info/2044/,※ラストオーダーは閉店時間の30分前です。,800,100,800,100,800,100,800,100,800,100,800,100,800,100
2128,44,大分県,大分市,やよい軒 明野店,大分県大分市大字小池原１１５１－１,097-503-1004,1,1,1,https://store.yayoiken.com/b/yayoiken/info/2128/,※ラストオーダーは閉店時間の30分前です。,700,2400,700,2400,700,2400,700,2400,700,2400,700,2400,700,2400
1365,46,鹿児島県,鹿屋市,やよい軒 鹿屋寿店,鹿児島県鹿屋市寿４丁目３１０７－１,080-4094-1850,1,1,1,https://store.yayoiken.com/b/yayoiken/info/1365/,※ラストオーダーは閉店時間の30分前です。,700,2300,700,2300,700,2300,700,2300,700,2300,700,2300,700,2300
1371,46,鹿児島県,霧島市,やよい軒 霧島国分店,鹿児島県霧島市国分野口東３－４１,0995-48-8377,1,1,1,https://store.yayoiken.com/b/yayoiken/info/1371/,※ラストオーダーは閉店時間の30分前です。,700,2400,700,2400,700,2400,700,2400,700,2400,700,2400,700,2400
1822,46,鹿児島県,鹿児島市,やよい軒 吉野店,鹿児島県鹿児島市吉野一丁目１９－１９,099-295-7330,1,1,1,https://store.yayoiken.com/b/yayoiken/info/1822/,※ラストオーダーは閉店時間の30分前です。,1000,2300,1000,2300,1000,2300,1000,2300,1000,2300,1000,2300,1000,2300
1869,46,鹿児島県,姶良市,やよい軒 加治木店,鹿児島県姶良市加治木町木田字岩原１５９ー２,0995-63-8807,1,1,1,https://store.yayoiken.com/b/yayoiken/info/1869/,※ラストオーダーは閉店時間の30分前です。,1000,2300,1000,2300,1000,2300,1000,2300,1000,2300,1000,2300,1000,2300
2052,46,鹿児島県,鹿児島市,やよい軒 新栄町店,鹿児島県鹿児島市新栄町５－１,099-214-6168,1,1,1,https://store.yayoiken.com/b/yayoiken/info/2052/,※ラストオーダーは閉店時間の30分前です。,1000,2300,1000,2300,1000,2300,1000,2300,1000,2300,1000,2300,1000,2300
2090,46,鹿児島県,鹿児島市,やよい軒 鹿児島南栄店,鹿児島県鹿児島市南栄１丁目１１－３,099-210-0031,1,1,1,https://store.yayoiken.com/b/yayoiken/info/2090/,※ラストオーダーは閉店時間の30分前です。,1000,2300,1000,2300,1000,2300,1000,2300,1000,2300,1000,2300,1000,2300
