key	name	判定	温め	お湯	ベビーフード販売	公式の文言（原文そのまま・80字以内）	sourceUrl	陽性対照URL	作成slug
bronco-billy	ブロンコビリー	記載なし	記載なし	記載なし	記載なし	（該当記載なし）FAQ（/request/：メニュー・サービス・アプリ）とキッズクラブQ&Aに離乳食・持ち込みの項目なし。店舗ページ設備欄はベビーチェア・ベビーシートを記録	https://www.bronco.co.jp/request/	https://www.bronco.co.jp/shop/tokyo/machida/	
bigboy	ビッグボーイ	記載なし	記載なし	記載なし	明記あり	ベビーフード ¥150（税込¥165）［キッズメニュー掲載。持ち込みはFAQ（メニュー/決済/アプリ）に子連れ・持ち込み項目なし］	https://www.bigboyjapan.co.jp/faq/	https://www.bigboyjapan.co.jp/menu/kids/	
steakmiya	ステーキ宮	記載なし（FAQ無し）	記載なし	記載なし	記載なし	（該当記載なし）miya.com・サイトマップに顧客向けFAQ無し（/faq/ 404）。運営元アトムのFAQは株主優待のみ。メニューにキッズメニューあり	https://www.miya.com/sitemap/index.php	https://www.miya.com/menu/	
sawayaka	炭焼きレストランさわやか	記載なし	記載なし	記載なし	明記あり	離乳食は「しらすの雑炊」をご用意しております。［持ち込みの記載なし。同FAQに7ヶ月～5才未満のお子様用椅子の記載あり］	https://www.genkotsu-hb.com/faq/	https://www.genkotsu-hb.com/menu/kids/	
flyinggarden	フライングガーデン	記載なし	記載なし	記載なし	記載なし	（離乳食の記載なし。参考：ケーキの持ち込みは「食品衛生の観点からお断り」と明記。離乳食に拡張しない）FAQにお子様メニュー・車椅子の項目あり	https://www.fgarden.co.jp/inquiry/index.php	https://www.fgarden.co.jp/inquiry/index.php	
washokusato	和食さと	記載なし（FAQ無し）	記載なし	記載なし	記載なし	（該当記載なし）sato-res.com のsitemapにFAQ無し（/faq/ 404）。店舗検索の設備・サービス項目は禁煙・個室・駐車場・ドリンクバー等で離乳食項目なし	https://sato-res.com/sato/	https://store.srsholdings.com/sato/	
kagonoya	かごの屋	記載なし	記載なし	記載なし	記載なし	（該当記載なし）公式Q&A PDF（2026.04.01現在：アプリ/ポイント/店舗・予約/喫煙/ギフト券）に子連れ項目なし	https://kagonoya.food-kr.com/wp-content/uploads/2026/03/QA_20260401.pdf	https://kagonoya.food-kr.com/	
bandotaro	ばんどう太郎	記載なし（FAQ無し）	記載なし	記載なし	記載なし	（該当記載なし）FAQ無し。店舗ページにお子様椅子・お子様メニュー・キッズスペースの項目あり（https は証明書エラーのため http で取得）	http://bandotaro.co.jp/	http://bandotaro.co.jp/shop/bandotaro/	
sukesanudon	資さんうどん	記載なし（FAQ無し）	記載なし	記載なし	記載なし	（該当記載なし）FAQ無し（/faq/ 404）。サイト内検索「離乳食」0件。店舗ページ設備欄は駐車場の有無のみ	https://www.sukesanudon.com/	https://www.sukesanudon.com/map/branch/134/	
