"優先Tier","カテゴリ","施設名","エリア","市区町村","きょうのこ掲載URL","公式サイト","問い合わせ方法","Instagram","メディア窓口","運営主体・所感"
"A","博物館・科学館","そらんぽ四日市（四日市市立博物館・プラネタリウム）","三重県","四日市市","https://kyounoko.jp/spot/-nz9l","","","","",""
"A","博物館・科学館","ミキモト真珠島","三重県","鳥羽市","https://kyounoko.jp/spot/-lqbo","","","","",""
"A","博物館・科学館","三重県総合博物館 MieMu","三重県","津市","https://kyounoko.jp/spot/MieMu-voub","","","","",""
"A","屋内施設","ラウンドワンスタジアム みえ・川越IC店","三重県","川越町","https://kyounoko.jp/spot/IC-z8qf","","","","",""
"A","博物館・科学館","京都鉄道博物館","京都府","京都市","https://kyounoko.jp/spot/-v9ua","","","","",""
"A","屋内施設","ピュアハートキッズランド伏見桃山","京都府","京都市伏見区","https://kyounoko.jp/spot/-uc56","","","","",""
"A","博物館・科学館","佐賀県立宇宙科学館","佐賀県","武雄市","https://kyounoko.jp/spot/-ho86","","","","",""
"A","博物館・科学館","佐賀県立宇宙科学館「ゆめぎんが」","佐賀県","武雄市","https://kyounoko.jp/spot/-3ert","","","","",""
"A","屋内施設","あそびパーク モラージュ佐賀店","佐賀県","佐賀市","https://kyounoko.jp/spot/-t8xn","","","","",""
"A","屋内施設","キッズユーエスランド 佐賀大和店","佐賀県","佐賀市","https://kyounoko.jp/spot/-nl28","","","","",""
"A","屋内施設","BOAT KIDS PARK Moooviからつ","佐賀県","唐津市","https://kyounoko.jp/spot/BOAT-KIDS-PARK-Mooovi-8wst","","","","",""
"A","屋内施設","メリッタKid's TAKEO","佐賀県","武雄市","https://kyounoko.jp/spot/Kid's-TAKEO-uipj","","","","",""
"A","屋内施設","神戸アンパンマンこどもミュージアム&モール","兵庫県","神戸市中央区","https://kyounoko.jp/spot/-msnm","","","","",""
"A","屋内施設","ピュアハートキッズランド尼崎つかしん","兵庫県","尼崎市","https://kyounoko.jp/spot/-u6gs","","","","",""
"A","牧場","神崎農村公園ヨーデルの森","兵庫県","神河町","https://kyounoko.jp/spot/-24mk","","","","",""
"A","屋内施設","ファンタジーキッズリゾート新さっぽろ","北海道","札幌市","https://kyounoko.jp/spot/-co8h","","","","",""
"A","博物館・科学館","航空科学博物館","千葉県","芝山町","https://kyounoko.jp/spot/-8263","","","","",""
"A","屋内施設","三井アウトレットパーク幕張","千葉県","千葉市","https://kyounoko.jp/spot/-sk26","","","","",""
"A","屋内施設","イオンモール幕張新都心","千葉県","千葉市","https://kyounoko.jp/spot/-17hj","","","","",""
"A","屋内施設","カンドゥー（イオンモール幕張新都心）","千葉県","千葉市","https://kyounoko.jp/spot/-2r1b","","","","",""
"A","屋内施設","酒々井プレミアム・アウトレット","千葉県","酒々井町","https://kyounoko.jp/spot/-xff9","","","","",""
"A","屋内施設","ふくろうの杜（流山）","千葉県","流山市","https://kyounoko.jp/spot/-et68","","","","",""
"A","牧場","マザー牧場","千葉県","富津市","https://kyounoko.jp/spot/-bv97","","","","",""
"A","博物館・科学館","和歌山市立こども科学館","和歌山県","和歌山市","https://kyounoko.jp/spot/-1ocs","","","","",""
"A","博物館・科学館","和歌山県立自然博物館","和歌山県","海南市","https://kyounoko.jp/spot/-akn1","","","","",""
"A","博物館・科学館","太地町立くじらの博物館","和歌山県","太地町","https://kyounoko.jp/spot/-k2j0","","","","",""
"A","博物館・科学館","鉄道博物館","埼玉県","さいたま市","https://kyounoko.jp/spot/-qgf2","","","","",""
"A","博物館・科学館","所沢航空発祥記念館","埼玉県","所沢市","https://kyounoko.jp/spot/-mgtu","","","","",""
"A","季節体験","川越まつり会館＆菓子屋横丁","埼玉県","川越市","https://kyounoko.jp/spot/-aual","","","","",""
"A","屋内施設","ららぽーと富士見","埼玉県","富士見市","https://kyounoko.jp/spot/-dz3l","","","","",""
"A","屋内施設","コクーンシティ（さいたま新都心）","埼玉県","さいたま市","https://kyounoko.jp/spot/-k5af","","","","",""
"A","屋内施設","ザキッズ 大分トキハ店","大分県","大分市","https://kyounoko.jp/spot/-oiuo","","","","",""
"A","屋内施設","キッズランドUS 大分由布挾間店","大分県","由布市","https://kyounoko.jp/spot/US-0dhv","","","","",""
"A","屋内施設","別府こどもあそびめぐり","大分県","別府市","https://kyounoko.jp/spot/-02eq","","","","",""
"A","屋内施設","キッズプラザ大阪","大阪府","大阪市","https://kyounoko.jp/spot/-85ch","","","","",""
"A","屋内施設","ATCあそびマーレ","大阪府","大阪市住之江区","https://kyounoko.jp/spot/ATC-k8cp","","","","",""
"A","屋内施設","ピュアハートキッズランド フレスポしんかな","大阪府","堺市","https://kyounoko.jp/spot/-svgc","","","","",""
"A","屋内施設","キッズランドUS 大阪ベイタワー店","大阪府","大阪市港区","https://kyounoko.jp/spot/US-g18b","","","","",""
"A","博物館・科学館","橿原市昆虫館","奈良県","橿原市","https://kyounoko.jp/spot/-runz","","","","",""
"A","博物館・科学館","奈良県立民俗博物館・大和民俗公園","奈良県","大和郡山市","https://kyounoko.jp/spot/-o3cm","","","","",""
"A","博物館・科学館","橿原市立こども科学館","奈良県","橿原市","https://kyounoko.jp/spot/-04pc","","","","",""
"A","屋内施設","キッズランドUS 奈良香芝店","奈良県","香芝市","https://kyounoko.jp/spot/US-45q7","","","","",""
"A","牧場","うだ・アニマルパーク","奈良県","宇陀市","https://kyounoko.jp/spot/-mapg","","","","",""
"A","博物館・科学館","スリーエム仙台市科学館","宮城県","仙台市","https://kyounoko.jp/spot/-qim4","","","","",""
"A","博物館・科学館","仙台市天文台","宮城県","仙台市","https://kyounoko.jp/spot/-ypkk","","","","",""
"A","屋内施設","仙台アンパンマンこどもミュージアム","宮城県","仙台市","https://kyounoko.jp/spot/-4xd2","","","","",""
"A","屋内施設","感性の森","宮城県","白石市","https://kyounoko.jp/spot/-5h8u","","","","",""
"A","屋内施設","キッズワールド名取店","宮城県","名取市","https://kyounoko.jp/spot/-a8xe","","","","",""
"A","牧場","蔵王ハートランド","宮城県","蔵王町","https://kyounoko.jp/spot/-53jc","","","","",""
"A","博物館・科学館","宮崎科学技術館","宮崎県","宮崎市","https://kyounoko.jp/spot/-peul","","","","",""
"A","屋内施設","キッズランドUS南宮崎店","宮崎県","宮崎市","https://kyounoko.jp/spot/US-1tbi","","","","",""
"A","屋内施設","ASOBI PARK","宮崎県","宮崎市","https://kyounoko.jp/spot/ASOBI-PARK-8dmp","","","","",""
"A","屋内施設","夢見が丘キッズパーク","宮崎県","都城市","https://kyounoko.jp/spot/-pppf","","","","",""
"A","屋内施設","こどもーる","宮崎県","延岡市","https://kyounoko.jp/spot/-kpdv","","","","",""
"A","屋内施設","キッズバウンス","宮崎県","宮崎市","https://kyounoko.jp/spot/-ztoz","","","","",""
"A","博物館・科学館","富山市科学博物館","富山県","富山市","https://kyounoko.jp/spot/-vmbx","","","","",""
"A","博物館・科学館","ほたるいかミュージアム","富山県","滑川市","https://kyounoko.jp/spot/-ti1v","","","","",""
"A","屋内施設","富山県こどもみらい館","富山県","射水市","https://kyounoko.jp/spot/-2kmq","","","","",""
"A","屋内施設","富山あそびマーレ","富山県","射水市","https://kyounoko.jp/spot/-4jpy","","","","",""
"A","博物館・科学館","防府市青少年科学館ソラール","山口県","防府市","https://kyounoko.jp/spot/-9vqj","","","","",""
"A","博物館・科学館","山口県立山口博物館","山口県","山口市","https://kyounoko.jp/spot/-4u60","","","","",""
"A","屋内施設","長門おもちゃ美術館","山口県","長門市","https://kyounoko.jp/spot/-2ucl","","","","",""
"A","屋内施設","キッズランドUS フジグラン山口店","山口県","山口市","https://kyounoko.jp/spot/US-gaih","","","","",""
"A","屋内施設","ふくふくこども館","山口県","下関市","https://kyounoko.jp/spot/-6h41","","","","",""
"A","季節体験","蔵王温泉","山形県","山形市","https://kyounoko.jp/spot/-tvss","","","","",""
"A","屋内施設","べにっこひろば","山形県","山形市","https://kyounoko.jp/spot/-3pov","","","","",""
"A","屋内施設","ザ・キッズ 山形イオンモール三川店","山形県","三川町","https://kyounoko.jp/spot/-ezxe","","","","",""
"A","屋内施設","天童市子育て未来館 げんキッズ","山形県","天童市","https://kyounoko.jp/spot/-biv7","","","","",""
"A","屋内施設","やまぎん県民ホール（やまぎんこども館）","山形県","山形市","https://kyounoko.jp/spot/-ih6m","","","","",""
"A","牧場","ホースガーデンむらやま","山形県","村山市","https://kyounoko.jp/spot/-ezac","","","","",""
"A","博物館・科学館","山梨県立科学館","山梨県","甲府市","https://kyounoko.jp/spot/-lvdu","","","","",""
"A","博物館・科学館","山梨県立リニア見学センター","山梨県","都留市","https://kyounoko.jp/spot/-a39q","","","","",""
"A","博物館・科学館","山梨県立考古博物館","山梨県","甲府市","https://kyounoko.jp/spot/-67jb","","","","",""
"A","屋内施設","ふじさんのぬく森キポキポ","山梨県","富士吉田市","https://kyounoko.jp/spot/-pte3","","","","",""
"A","牧場","清泉寮ジャージー牧場","山梨県","北杜市","https://kyounoko.jp/spot/-g7yo","","","","",""
"A","博物館・科学館","岐阜かかみがはら航空宇宙博物館","岐阜県","各務原市","https://kyounoko.jp/spot/-d723","","","","",""
"A","屋内施設","ピュアハートキッズランド大垣","岐阜県","大垣市","https://kyounoko.jp/spot/-nysq","","","","",""
"A","牧場","ひるがの高原 牧歌の里","岐阜県","郡上市","https://kyounoko.jp/spot/-72s3","","","","",""
"A","博物館・科学館","倉敷科学センター","岡山県","倉敷市","https://kyounoko.jp/spot/-arbp","","","","",""
"A","博物館・科学館","笠岡市立カブトガニ博物館・恐竜公園","岡山県","笠岡市","https://kyounoko.jp/spot/-171s","","","","",""
"A","博物館・科学館","岡山シティミュージアム","岡山県","岡山市","https://kyounoko.jp/spot/-4ltr","","","","",""
"A","博物館・科学館","つやま自然のふしぎ館","岡山県","津山市","https://kyounoko.jp/spot/-fsc5","","","","",""
"A","博物館・科学館","歴史公園えさし藤原の郷","岩手県","奥州市","https://kyounoko.jp/spot/-03lr","","","","",""
"A","博物館・科学館","花巻おもちゃ美術館","岩手県","花巻市","https://kyounoko.jp/spot/-e82l","","","","",""
"A","博物館・科学館","盛岡市子ども科学館","岩手県","盛岡市","https://kyounoko.jp/spot/-r2ry","","","","",""
"A","博物館・科学館","岩手県立美術館","岩手県","盛岡市","https://kyounoko.jp/spot/-z5uy","","","","",""
"A","季節体験","龍泉洞","岩手県","岩泉町","https://kyounoko.jp/spot/-pe94","","","","",""
"A","屋内施設","岩手県立児童館 いわて子どもの森","岩手県","一戸町","https://kyounoko.jp/spot/-k352","","","","",""
"A","屋内施設","岩手県立児童館いわて子どもの森","岩手県","一戸町","https://kyounoko.jp/spot/-xw6m","","","","",""
"A","牧場","小岩井農場","岩手県","雫石町","https://kyounoko.jp/spot/-8o11","","","","",""
"A","博物館・科学館","島根県立三瓶自然館サヒメル","島根県","大田市","https://kyounoko.jp/spot/-8swk","","","","",""
"A","博物館・科学館","島根県立古代出雲歴史博物館","島根県","出雲市","https://kyounoko.jp/spot/-tjv1","","","","",""
"A","博物館・科学館","モニュメントミュージアム 来待ストーン","島根県","松江市","https://kyounoko.jp/spot/-70y4","","","","",""
"A","博物館・科学館","出雲科学館","島根県","出雲市","https://kyounoko.jp/spot/-gjh0","","","","",""
"A","屋内施設","あそび王国ぴぃかぁぶぅ","島根県","出雲市","https://kyounoko.jp/spot/-4ze9","","","","",""
"A","博物館・科学館","広島市こども文化科学館","広島県","広島市","https://kyounoko.jp/spot/-0jhk","","","","",""
"A","博物館・科学館","ヌマジ交通ミュージアム","広島県","広島市","https://kyounoko.jp/spot/-l34t","","","","",""
"A","博物館・科学館","湯本豪一記念日本妖怪博物館 三次もののけミュージアム","広島県","三次市","https://kyounoko.jp/spot/-8ojr","","","","",""
"A","博物館・科学館","さとうみ科学館","広島県","江田島市","https://kyounoko.jp/spot/-tqn8","","","","",""
"A","博物館・科学館","広島市森林公園こんちゅう館","広島県","広島市","https://kyounoko.jp/spot/-ojgl","","","","",""
"A","屋内施設","ピュアハートキッズランド広島府中","広島県","安芸郡府中町","https://kyounoko.jp/spot/-pcg8","","","","",""
"A","博物館・科学館","日和佐うみがめ博物館カレッタ","徳島県","海部郡美波町","https://kyounoko.jp/spot/-iht2","","","","",""
"A","博物館・科学館","鳴門市ドイツ館","徳島県","鳴門市","https://kyounoko.jp/spot/-6jze","","","","",""
"A","博物館・科学館","大谷焼 窯元 体験工房","徳島県","鳴門市","https://kyounoko.jp/spot/-3p6b","","","","",""
"A","博物館・科学館","鉄道歴史パーク in SAIJO","愛媛県","西条市","https://kyounoko.jp/spot/in-SAIJO-9zv4","","","","",""
"A","博物館・科学館","タオル美術館","愛媛県","今治市","https://kyounoko.jp/spot/-p586","","","","",""
"A","博物館・科学館","愛媛県総合科学博物館","愛媛県","新居浜市","https://kyounoko.jp/spot/-0z4q","","","","",""
"A","博物館・科学館","面河山岳博物館","愛媛県","久万高原町","https://kyounoko.jp/spot/-dr19","","","","",""
"A","屋内施設","トンデミ愛媛","愛媛県","伊予郡松前町","https://kyounoko.jp/spot/-855v","","","","",""
"A","屋内施設","ザキッズ 松山三越店","愛媛県","松山市","https://kyounoko.jp/spot/-t142","","","","",""
"A","博物館・科学館","名古屋市科学館","愛知県","名古屋市","https://kyounoko.jp/spot/-psij","","","","",""
"A","屋内施設","愛知県児童総合センター","愛知県","長久手市","https://kyounoko.jp/spot/-8jqc","","","","",""
"A","博物館・科学館","新潟県立自然科学館","新潟県","新潟市","https://kyounoko.jp/spot/-ogh5","","","","",""
"A","博物館・科学館","上越科学館","新潟県","上越市","https://kyounoko.jp/spot/-ltn2","","","","",""
"A","屋内施設","ザ・キッズ 新潟イオン白根店","新潟県","新潟市","https://kyounoko.jp/spot/-pxx8","","","","",""
"A","屋内施設","Jump862","新潟県","新発田市","https://kyounoko.jp/spot/Jump862-vfev","","","","",""
"A","屋内施設","こども創造センター","新潟県","新潟市","https://kyounoko.jp/spot/-zr6s","","","","",""
"A","博物館・科学館","国立科学博物館","東京都","台東区","https://kyounoko.jp/spot/-2h6l","","","","",""
"A","博物館・科学館","東京おもちゃ美術館","東京都","新宿区","https://kyounoko.jp/spot/-gnt3","","","","",""
"A","博物館・科学館","科学技術館（北の丸公園）","東京都","千代田区","https://kyounoko.jp/spot/-ufp8","","","","",""
"A","博物館・科学館","日本科学未来館","東京都","江東区","https://kyounoko.jp/spot/-ib4p","","","","",""
"A","博物館・科学館","がすてなーに ガスの科学館","東京都","江東区","https://kyounoko.jp/spot/-fzk8","","","","",""
"A","博物館・科学館","パナソニックセンター東京 AkeruE","東京都","江東区","https://kyounoko.jp/spot/AkeruE-6dkq","","","","",""
"A","博物館・科学館","東京都現代美術館 こどもアトリエ","東京都","江東区","https://kyounoko.jp/spot/-5dg2","","","","",""
"A","博物館・科学館","トリックアートミュージアム高尾山","東京都","八王子市","https://kyounoko.jp/spot/-152r","","","","",""
"A","博物館・科学館","東京都水の科学館","東京都","江東区","https://kyounoko.jp/spot/-qjev","","","","",""
"A","博物館・科学館","東京消防庁 消防博物館","東京都","新宿区","https://kyounoko.jp/spot/-lrwk","","","","",""
"A","博物館・科学館","地下鉄博物館（葛西）","東京都","江戸川区","https://kyounoko.jp/spot/-kwlo","","","","",""
"A","博物館・科学館","JAL工場見学 SKY MUSEUM（羽田）","東京都","大田区","https://kyounoko.jp/spot/JAL-SKY-MUSEUM-ovgj","","","","",""
"A","博物館・科学館","ANA機体工場見学（羽田）","東京都","大田区","https://kyounoko.jp/spot/ANA-qpn5","","","","",""
"A","博物館・科学館","多摩六都科学館","東京都","西東京市","https://kyounoko.jp/spot/-9vly","","","","",""
"A","博物館・科学館","杉並アニメーションミュージアム","東京都","杉並区","https://kyounoko.jp/spot/-0u6l","","","","",""
"A","博物館・科学館","江戸東京たてもの園","東京都","小金井市","https://kyounoko.jp/spot/-zdp2","","","","",""
"A","博物館・科学館","京王れーるランド","東京都","日野市","https://kyounoko.jp/spot/-q6wm","","","","",""
"A","博物館・科学館","府中市郷土の森博物館","東京都","府中市","https://kyounoko.jp/spot/-df3f","","","","",""
"A","博物館・科学館","東京都美術館 アートスタディルーム","東京都","台東区","https://kyounoko.jp/spot/-63ut","","","","",""
"A","博物館・科学館","東京国立博物館","東京都","台東区","https://kyounoko.jp/spot/-his7","","","","",""
"A","博物館・科学館","国立新美術館","東京都","港区","https://kyounoko.jp/spot/-8bbk","","","","",""
"A","博物館・科学館","東京臨海広域防災公園 そなエリア東京","東京都","江東区","https://kyounoko.jp/spot/-2f47","","","","",""
"A","博物館・科学館","チームラボプラネッツTOKYO DMM","東京都","江東区","https://kyounoko.jp/spot/TOKYO-DMM-x9xg","","","","",""
"A","博物館・科学館","チームラボボーダレス（麻布台ヒルズ）","東京都","港区","https://kyounoko.jp/spot/-4a6c","","","","",""
"A","博物館・科学館","日本民家園","東京都","川崎市","https://kyounoko.jp/spot/-o7q3","","","","",""
"A","博物館・科学館","池袋防災館","東京都","豊島区","https://kyounoko.jp/spot/-5u8i","","","","",""
"A","博物館・科学館","本所防災館（墨田区）","東京都","墨田区","https://kyounoko.jp/spot/-p2pj","","","","",""
"A","子連れOKレストラン","IKEA レストラン（新三郷・立川・原宿等）","東京都","複数","https://kyounoko.jp/spot/IKEA-8n1o","","","","",""
"A","子連れOKレストラン","COCO&#39;S（ココス）","東京都","複数","https://kyounoko.jp/spot/COCO-39-S-8lek","","","","",""
"A","子連れOKレストラン","ガスト","東京都","複数","https://kyounoko.jp/spot/-1m74","","","","",""
"A","子連れOKレストラン","サイゼリヤ","東京都","複数","https://kyounoko.jp/spot/-i7d8","","","","",""
"A","子連れOKレストラン","くら寿司","東京都","複数","https://kyounoko.jp/spot/-m40s","","","","",""
"A","子連れOKレストラン","スシロー","東京都","複数","https://kyounoko.jp/spot/-3lc2","","","","",""
"A","子連れOKレストラン","ジョナサン","東京都","複数","https://kyounoko.jp/spot/-zdzy","","","","",""
"A","子連れOKレストラン","上島珈琲店・キッズ向けカフェ","東京都","複数","https://kyounoko.jp/spot/-sb44","","","","",""
"A","子連れOKレストラン","ビバパエリア／スペインバル（中野・吉祥寺）","東京都","中野区","https://kyounoko.jp/spot/-5645","","","","",""
"A","子連れOKレストラン","東京ドームシティ ラクーア内 キッズOK店舗群","東京都","文京区","https://kyounoko.jp/spot/OK-d1n8","","","","",""
"A","子連れOKレストラン","デニーズ","東京都","複数","https://kyounoko.jp/spot/-am6l","","","","",""
"A","子連れOKレストラン","バーミヤン","東京都","複数","https://kyounoko.jp/spot/-jknt","","","","",""
"A","子連れOKレストラン","ビッグボーイ","東京都","複数","https://kyounoko.jp/spot/-wgol","","","","",""
"A","子連れOKレストラン","フォルクス","東京都","複数","https://kyounoko.jp/spot/-sj4q","","","","",""
"A","子連れOKレストラン","ロイヤルホスト","東京都","複数","https://kyounoko.jp/spot/-nprj","","","","",""
"A","子連れOKレストラン","和食さと","東京都","複数","https://kyounoko.jp/spot/-cdav","","","","",""
"A","子連れOKレストラン","華屋与兵衛","東京都","複数","https://kyounoko.jp/spot/-ox8j","","","","",""
"A","子連れOKレストラン","ステーキガスト","東京都","複数","https://kyounoko.jp/spot/-8f7m","","","","",""
"A","子連れOKレストラン","びっくりドンキー","東京都","複数","https://kyounoko.jp/spot/-kmph","","","","",""
"A","子連れOKレストラン","カプリチョーザ","東京都","複数","https://kyounoko.jp/spot/-975v","","","","",""
"A","子連れOKレストラン","マクドナルド","東京都","複数","https://kyounoko.jp/spot/-pa4f","","","","",""
"A","子連れOKレストラン","モスバーガー","東京都","複数","https://kyounoko.jp/spot/-cbwc","","","","",""
"A","子連れOKレストラン","ケンタッキーフライドチキン","東京都","複数","https://kyounoko.jp/spot/-dx7m","","","","",""
"A","子連れOKレストラン","フレッシュネスバーガー","東京都","複数","https://kyounoko.jp/spot/-0yef","","","","",""
"A","子連れOKレストラン","リンガーハット","東京都","複数","https://kyounoko.jp/spot/-khxc","","","","",""
"A","子連れOKレストラン","丸亀製麺","東京都","複数","https://kyounoko.jp/spot/-lxt6","","","","",""
"A","子連れOKレストラン","なか卯","東京都","複数","https://kyounoko.jp/spot/-yd4d","","","","",""
"A","子連れOKレストラン","松屋","東京都","複数","https://kyounoko.jp/spot/-9l36","","","","",""
"A","子連れOKレストラン","すき家","東京都","複数","https://kyounoko.jp/spot/-vet5","","","","",""
"A","子連れOKレストラン","吉野家","東京都","複数","https://kyounoko.jp/spot/-nhmy","","","","",""
"A","子連れOKレストラン","築地銀だこ","東京都","複数","https://kyounoko.jp/spot/-7gxd","","","","",""
"A","子連れOKレストラン","ミスタードーナツ","東京都","複数","https://kyounoko.jp/spot/-k6id","","","","",""
"A","子連れOKレストラン","焼肉きんぐ","東京都","複数","https://kyounoko.jp/spot/-u7um","","","","",""
"A","子連れOKレストラン","しゃぶ葉","東京都","複数","https://kyounoko.jp/spot/-2guo","","","","",""
"A","子連れOKレストラン","かっぱ寿司","東京都","複数","https://kyounoko.jp/spot/-tb61","","","","",""
"A","子連れOKレストラン","はま寿司","東京都","複数","https://kyounoko.jp/spot/-z109","","","","",""
"A","子連れOKレストラン","551蓬莱","東京都","大阪市ほか関西","https://kyounoko.jp/spot/551-mbps","","","","",""
"A","子連れOKレストラン","お好み焼き 鶴橋風月","東京都","大阪市鶴橋ほか関西","https://kyounoko.jp/spot/-xxft","","","","",""
"A","子連れOKレストラン","祇園辻利／都路里","東京都","京都市祇園","https://kyounoko.jp/spot/-el5y","","","","",""
"A","子連れOKレストラン","志津香","東京都","奈良市","https://kyounoko.jp/spot/-dluc","","","","",""
"A","子連れOKレストラン","すみれ（札幌ラーメン）","東京都","札幌市","https://kyounoko.jp/spot/-z6uh","","","","",""
"A","子連れOKレストラン","松尾ジンギスカン","東京都","札幌市・滝川市ほか","https://kyounoko.jp/spot/-fd7m","","","","",""
"A","子連れOKレストラン","ロイズチョコレートワールド","東京都","千歳市（新千歳空港）","https://kyounoko.jp/spot/-cxib","","","","",""
"A","子連れOKレストラン","牛たん炭焼 利久","東京都","仙台市ほか","https://kyounoko.jp/spot/-jte5","","","","",""
"A","子連れOKレストラン","コメダ珈琲店","東京都","複数","https://kyounoko.jp/spot/-ovak","","","","",""
"A","子連れOKレストラン","矢場とん","東京都","名古屋市ほか","https://kyounoko.jp/spot/-uavb","","","","",""
"A","子連れOKレストラン","世界の山ちゃん","東京都","名古屋市ほか","https://kyounoko.jp/spot/-bpew","","","","",""
"A","子連れOKレストラン","一蘭","東京都","複数","https://kyounoko.jp/spot/-pfvi","","","","",""
"A","子連れOKレストラン","ひょうたん寿司","東京都","福岡市天神","https://kyounoko.jp/spot/-gt8x","","","","",""
"A","子連れOKレストラン","元祖長浜屋","東京都","福岡市長浜","https://kyounoko.jp/spot/-hqzu","","","","",""
"A","子連れOKレストラン","レストランフロイデ（としまえん跡周辺ほか）","東京都","練馬区","https://kyounoko.jp/spot/-s0j4","","","","",""
"A","子連れOKレストラン","東京ステーションホテル ロビーラウンジ","東京都","千代田区","https://kyounoko.jp/spot/-bex9","","","","",""
"A","子連れOKレストラン","丸ビル 5・6Fレストラン街","東京都","千代田区","https://kyounoko.jp/spot/5-6F-fbjc","","","","",""
"A","子連れOKレストラン","タリーズコーヒー（Tully's）キッズメニュー対応店","東京都","複数","https://kyounoko.jp/spot/-m0jj","","","","",""
"A","子連れOKレストラン","渋谷ヒカリエ ShinQs ダイニング","東京都","渋谷区","https://kyounoko.jp/spot/ShinQs-ze61","","","","",""
"A","子連れOKレストラン","二子玉川ライズ S.C. レストラン街","東京都","世田谷区","https://kyounoko.jp/spot/S.C.-xguc","","","","",""
"A","子連れOKレストラン","お台場ヴィーナスフォート跡地～アクアシティお台場 レストラン","東京都","港区","https://kyounoko.jp/spot/-xcn2","","","","",""
"A","子連れOKレストラン","六本木ヒルズ ヒルサイド・レストラン群","東京都","港区","https://kyounoko.jp/spot/-inlo","","","","",""
"A","子連れOKレストラン","池袋サンシャインシティ レストラン街","東京都","豊島区","https://kyounoko.jp/spot/-h60m","","","","",""
"A","子連れOKレストラン","東京スカイツリータウン ソラマチ レストラン街","東京都","墨田区","https://kyounoko.jp/spot/-ln74","","","","",""
"A","子連れOKレストラン","新宿高島屋 14Fダイニング","東京都","渋谷区","https://kyounoko.jp/spot/14F-3j4b","","","","",""
"A","子連れOKレストラン","ルミネ新宿 レストラン街","東京都","新宿区","https://kyounoko.jp/spot/-dnpt","","","","",""
"A","子連れOKレストラン","グランスタ東京 駅構内ダイニング","東京都","千代田区","https://kyounoko.jp/spot/-2agq","","","","",""
"A","子連れOKレストラン","グランベリーパーク レストラン街","東京都","町田市","https://kyounoko.jp/spot/-ejlx","","","","",""
"A","子連れOKレストラン","ららぽーと豊洲 レストラン街","東京都","江東区","https://kyounoko.jp/spot/-dov1","","","","",""
"A","子連れOKレストラン","コストコ 多摩境倉庫 フードコート","東京都","町田市","https://kyounoko.jp/spot/-ukkw","","","","",""
"A","子連れOKレストラン","上野松坂屋 上野フロンティアタワー レストラン","東京都","台東区","https://kyounoko.jp/spot/-mx5f","","","","",""
"A","子連れOKレストラン","マークイズみなとみらい・吉祥寺パルコ系列 レストラン街","東京都","武蔵野市","https://kyounoko.jp/spot/-dec1","","","","",""
"A","子連れOKレストラン","アトレ吉祥寺 レストランフロア","東京都","武蔵野市","https://kyounoko.jp/spot/-oth4","","","","",""
"A","子連れOKレストラン","北千住マルイ レストラン街","東京都","足立区","https://kyounoko.jp/spot/-7hg2","","","","",""
"A","子連れOKレストラン","錦糸町オリナス レストラン街","東京都","墨田区","https://kyounoko.jp/spot/-s76h","","","","",""
"A","子連れOKレストラン","蒲田グランデュオ レストランフロア","東京都","大田区","https://kyounoko.jp/spot/-ps24","","","","",""
"A","子連れOKレストラン","アトレ大森 レストラン","東京都","大田区","https://kyounoko.jp/spot/-szch","","","","",""
"A","子連れOKレストラン","中野サンモール～中野ブロードウェイ周辺 ファミレス・カフェ","東京都","中野区","https://kyounoko.jp/spot/-0n4j","","","","",""
"A","子連れOKレストラン","IKEA 立川 レストラン","東京都","立川市","https://kyounoko.jp/spot/IKEA-gr7t","","","","",""
"A","子連れOKレストラン","横浜ランドマークタワー ドックヤードガーデン レストラン","東京都","横浜市西区みなとみらい","https://kyounoko.jp/spot/-npfb","","","","",""
"A","子連れOKレストラン","横浜赤レンガ倉庫 レストランフロア","東京都","横浜市中区","https://kyounoko.jp/spot/-nqn9","","","","",""
"A","子連れOKレストラン","ららぽーと横浜 レストラン街","東京都","横浜市都筑区","https://kyounoko.jp/spot/-cwhx","","","","",""
"A","子連れOKレストラン","IKEA 港北 レストラン","東京都","横浜市都筑区","https://kyounoko.jp/spot/IKEA-9a3r","","","","",""
"A","子連れOKレストラン","ラゾーナ川崎プラザ レストラン街","東京都","川崎市幸区","https://kyounoko.jp/spot/-msdt","","","","",""
"A","子連れOKレストラン","川崎アゼリア・チネチッタ周辺 レストラン","東京都","川崎市川崎区","https://kyounoko.jp/spot/-4o8i","","","","",""
"A","子連れOKレストラン","湘南T-SITE（藤沢） カフェ＆レストラン","東京都","藤沢市辻堂","https://kyounoko.jp/spot/T-SITE-w3mo","","","","",""
"A","子連れOKレストラン","鎌倉小町通り ファミリー向けカフェ","東京都","鎌倉市","https://kyounoko.jp/spot/-tvl9","","","","",""
"A","子連れOKレストラン","グランフロント大阪 レストラン街","東京都","大阪市北区梅田","https://kyounoko.jp/spot/-avjl","","","","",""
"A","子連れOKレストラン","ルクア大阪 バルチカ","東京都","大阪市北区梅田","https://kyounoko.jp/spot/-3fsb","","","","",""
"A","子連れOKレストラン","なんばパークス レストラン街","東京都","大阪市浪速区難波","https://kyounoko.jp/spot/-95lh","","","","",""
"A","子連れOKレストラン","なんばCITY レストラン街","東京都","大阪市中央区難波","https://kyounoko.jp/spot/CITY-iqht","","","","",""
"A","子連れOKレストラン","あべのハルカス ダイニングフロア","東京都","大阪市阿倍野区天王寺","https://kyounoko.jp/spot/-31r4","","","","",""
"A","子連れOKレストラン","あべのキューズモール レストラン街","東京都","大阪市阿倍野区天王寺","https://kyounoko.jp/spot/-l5dp","","","","",""
"A","子連れOKレストラン","ららぽーとEXPOCITY レストラン街","東京都","吹田市千里万博公園","https://kyounoko.jp/spot/EXPOCITY-gwj1","","","","",""
"A","子連れOKレストラン","IKEA 鶴浜 レストラン","東京都","大阪市大正区","https://kyounoko.jp/spot/IKEA-fmyq","","","","",""
"A","子連れOKレストラン","JRゲートタワー・JRセントラルタワーズ レストラン街","東京都","名古屋市中村区名駅","https://kyounoko.jp/spot/JR-JR-n68j","","","","",""
"A","子連れOKレストラン","ミッドランドスクエア レストラン街","東京都","名古屋市中村区名駅","https://kyounoko.jp/spot/-yfre","","","","",""
"A","子連れOKレストラン","オアシス21 レストラン街","東京都","名古屋市東区栄","https://kyounoko.jp/spot/21-b9ak","","","","",""
"A","子連れOKレストラン","ららぽーと名古屋みなとアクルス レストラン街","東京都","名古屋市港区","https://kyounoko.jp/spot/-bgpm","","","","",""
"A","子連れOKレストラン","スガキヤ（中京圏チェーン）","東京都","名古屋市ほか中京圏","https://kyounoko.jp/spot/-7xpm","","","","",""
"A","子連れOKレストラン","IKEA 長久手 レストラン","東京都","長久手市","https://kyounoko.jp/spot/IKEA-u3jp","","","","",""
"A","子連れOKレストラン","JR博多シティ レストラン街（くうてん）","東京都","福岡市博多区","https://kyounoko.jp/spot/JR-zara","","","","",""
"A","子連れOKレストラン","キャナルシティ博多 レストラン街","東京都","福岡市博多区","https://kyounoko.jp/spot/-iphh","","","","",""
"A","子連れOKレストラン","天神地下街・ソラリアプラザ レストラン","東京都","福岡市中央区天神","https://kyounoko.jp/spot/-qd6p","","","","",""
"A","子連れOKレストラン","ららぽーと福岡 レストラン街","東京都","福岡市博多区","https://kyounoko.jp/spot/-mcc9","","","","",""
"A","子連れOKレストラン","マリノアシティ福岡 レストラン街","東京都","福岡市西区","https://kyounoko.jp/spot/-6e4v","","","","",""
"A","子連れOKレストラン","札幌ステラプレイス レストラン街","東京都","札幌市中央区","https://kyounoko.jp/spot/-05m7","","","","",""
"A","子連れOKレストラン","大丸札幌店 レストランフロア","東京都","札幌市中央区","https://kyounoko.jp/spot/-ijlu","","","","",""
"A","子連れOKレストラン","サッポロファクトリー レストラン","東京都","札幌市中央区","https://kyounoko.jp/spot/-3in2","","","","",""
"A","子連れOKレストラン","JRタワー T38 展望レストラン","東京都","札幌市中央区","https://kyounoko.jp/spot/JR-T38-gfws","","","","",""
"A","子連れOKレストラン","新千歳空港 ターミナルビル ファミリーレストラン","東京都","千歳市","https://kyounoko.jp/spot/-3q84","","","","",""
"A","子連れOKレストラン","京都駅ビル ザ・キューブ・ジェイアール京都伊勢丹 レストラン","東京都","京都市下京区","https://kyounoko.jp/spot/-pqij","","","","",""
"A","子連れOKレストラン","イオンモール京都桂川 レストラン街","東京都","京都市南区","https://kyounoko.jp/spot/-th24","","","","",""
"A","子連れOKレストラン","京都四条河原町 OPA・高島屋 レストランフロア","東京都","京都市下京区","https://kyounoko.jp/spot/OPA-ppda","","","","",""
"A","子連れOKレストラン","京都ポルタ 地下街レストラン","東京都","京都市下京区","https://kyounoko.jp/spot/-c2x1","","","","",""
"A","子連れOKレストラン","ヨドバシ梅田＆ヨドバシ京都 レストラン街","東京都","京都市下京区","https://kyounoko.jp/spot/-3tbc","","","","",""
"A","子連れOKレストラン","神戸ハーバーランド umie レストラン街","東京都","神戸市中央区","https://kyounoko.jp/spot/umie-trpj","","","","",""
"A","子連れOKレストラン","神戸三宮センタープラザ レストラン","東京都","神戸市中央区","https://kyounoko.jp/spot/-qx3m","","","","",""
"A","子連れOKレストラン","ららぽーと甲子園 レストラン街","東京都","西宮市","https://kyounoko.jp/spot/-zm7c","","","","",""
"A","子連れOKレストラン","IKEA 神戸 レストラン","東京都","神戸市東灘区","https://kyounoko.jp/spot/IKEA-fce4","","","","",""
"A","子連れOKレストラン","姫路駅前 ピオレ姫路 レストランフロア","東京都","姫路市","https://kyounoko.jp/spot/-y1e3","","","","",""
"A","子連れOKレストラン","A-FACTORY（青森駅前）カフェ＆レストラン","東京都","青森市","https://kyounoko.jp/spot/A-FACTORY-amv2","","","","",""
"A","子連れOKレストラン","盛岡駅 フェザン レストラン街","東京都","盛岡市","https://kyounoko.jp/spot/-9jec","","","","",""
"A","子連れOKレストラン","仙台パルコ・エスパル仙台 レストランフロア","東京都","仙台市青葉区","https://kyounoko.jp/spot/-1z7k","","","","",""
"A","子連れOKレストラン","アルヴェ・トピコ秋田 レストラン","東京都","秋田市","https://kyounoko.jp/spot/-xofd","","","","",""
"A","子連れOKレストラン","イーアスつくば レストラン街","東京都","つくば市","https://kyounoko.jp/spot/-dxsp","","","","",""
"A","子連れOKレストラン","FKD宇都宮 インターパーク レストラン街","東京都","宇都宮市","https://kyounoko.jp/spot/FKD-y7id","","","","",""
"A","子連れOKレストラン","イオンモール高崎 レストラン街","東京都","高崎市","https://kyounoko.jp/spot/-323y","","","","",""
"A","子連れOKレストラン","ららぽーと富士見 レストラン街","東京都","富士見市","https://kyounoko.jp/spot/-qeuf","","","","",""
"A","子連れOKレストラン","イクスピアリ レストラン街","東京都","浦安市","https://kyounoko.jp/spot/-l0wf","","","","",""
"A","子連れOKレストラン","CoCoLo新潟 レストラン街","東京都","新潟市中央区","https://kyounoko.jp/spot/CoCoLo-npow","","","","",""
"A","子連れOKレストラン","富山駅 マルート レストラン","東京都","富山市","https://kyounoko.jp/spot/-mbpn","","","","",""
"A","子連れOKレストラン","金沢百番街 あんと レストラン","東京都","金沢市","https://kyounoko.jp/spot/-6u2d","","","","",""
"A","子連れOKレストラン","MIDORI長野 レストラン街","東京都","長野市","https://kyounoko.jp/spot/MIDORI-6u2y","","","","",""
"A","子連れOKレストラン","アスティ岐阜 レストラン","東京都","岐阜市","https://kyounoko.jp/spot/-czud","","","","",""
"A","子連れOKレストラン","パルシェ静岡 レストラン","東京都","静岡市葵区","https://kyounoko.jp/spot/-474g","","","","",""
"A","子連れOKレストラン","イオンモール津南 レストラン街","東京都","津市","https://kyounoko.jp/spot/-rgib","","","","",""
"A","子連れOKレストラン","フォレオ大津一里山 レストラン街","東京都","大津市","https://kyounoko.jp/spot/-n36t","","","","",""
"A","子連れOKレストラン","近鉄百貨店奈良店 レストランフロア","東京都","奈良市","https://kyounoko.jp/spot/-9mx4","","","","",""
"A","子連れOKレストラン","イオンモール和歌山 レストラン街","東京都","和歌山市","https://kyounoko.jp/spot/-01iq","","","","",""
"A","子連れOKレストラン","イオンモール岡山 レストラン街","東京都","岡山市北区","https://kyounoko.jp/spot/-ovj5","","","","",""
"A","子連れOKレストラン","ekie広島 レストラン街","東京都","広島市南区","https://kyounoko.jp/spot/ekie-cw9v","","","","",""
"A","子連れOKレストラン","シーモール下関 レストラン","東京都","下関市","https://kyounoko.jp/spot/-su4f","","","","",""
"A","子連れOKレストラン","クレメントプラザ徳島 レストラン","東京都","徳島市","https://kyounoko.jp/spot/-22xg","","","","",""
"A","子連れOKレストラン","高松オルネ・コトデンそごう周辺 レストラン","東京都","高松市","https://kyounoko.jp/spot/-n9ly","","","","",""
"A","子連れOKレストラン","松山三越 レストランフロア","東京都","松山市","https://kyounoko.jp/spot/-pwtq","","","","",""
"A","子連れOKレストラン","イオンモール高知 レストラン街","東京都","高知市","https://kyounoko.jp/spot/-hnxg","","","","",""
"A","子連れOKレストラン","ゆめタウン佐賀 レストラン街","東京都","佐賀市","https://kyounoko.jp/spot/-e30j","","","","",""
"A","子連れOKレストラン","アミュプラザ長崎 レストラン街","東京都","長崎市","https://kyounoko.jp/spot/-pw60","","","","",""
"A","子連れOKレストラン","アミュプラザくまもと レストラン街","東京都","熊本市西区","https://kyounoko.jp/spot/-mo9i","","","","",""
"A","子連れOKレストラン","アミュプラザおおいた レストラン街","東京都","大分市","https://kyounoko.jp/spot/-bvkk","","","","",""
"A","子連れOKレストラン","イオンモール宮崎 レストラン街","東京都","宮崎市","https://kyounoko.jp/spot/-w24e","","","","",""
"A","子連れOKレストラン","アミュプラザ鹿児島 レストラン街","東京都","鹿児島市","https://kyounoko.jp/spot/-dp3a","","","","",""
"A","子連れOKレストラン","イオンモール沖縄ライカム レストラン街","東京都","中頭郡北中城村","https://kyounoko.jp/spot/-npaw","","","","",""
"A","季節体験","神田明神","東京都","千代田区","https://kyounoko.jp/spot/-at0y","","","","",""
"A","季節体験","浅草寺・仲見世","東京都","台東区","https://kyounoko.jp/spot/-5cv5","","","","",""
"A","季節体験","明治神宮","東京都","渋谷区","https://kyounoko.jp/spot/-6s3p","","","","",""
"A","季節体験","台場海浜公園 ビーチ","東京都","港区","https://kyounoko.jp/spot/-tzd6","","","","",""
"A","季節体験","東京駅前 行幸通り・丸の内仲通り","東京都","千代田区","https://kyounoko.jp/spot/-hag5","","","","",""
"A","季節体験","こどもの国（横浜・冬のスケート）","東京都","横浜市","https://kyounoko.jp/spot/-2tzt","","","","",""
"A","屋内施設","キッザニア東京","東京都","江東区","https://kyounoko.jp/spot/-0i2w","","","","",""
"A","屋内施設","アネビートリムパーク（ららぽーと各所等）","東京都","複数","https://kyounoko.jp/spot/-4lrp","","","","",""
"A","屋内施設","玉川高島屋S・C","東京都","世田谷区","https://kyounoko.jp/spot/S-C-mchr","","","","",""
"A","屋内施設","二子玉川ライズ・ショッピングセンター","東京都","世田谷区","https://kyounoko.jp/spot/-4fto","","","","",""
"A","屋内施設","麻布台ヒルズ","東京都","港区","https://kyounoko.jp/spot/-iw08","","","","",""
"A","屋内施設","IKEA Tokyo-Bay（船橋）","東京都","船橋市","https://kyounoko.jp/spot/IKEA-Tokyo-Bay-br0b","","","","",""
"A","屋内施設","日本橋三越本店","東京都","中央区","https://kyounoko.jp/spot/-r3xz","","","","",""
"A","屋内施設","GINZA SIX","東京都","中央区","https://kyounoko.jp/spot/GINZA-SIX-jkf0","","","","",""
"A","屋内施設","渋谷スクランブルスクエア","東京都","渋谷区","https://kyounoko.jp/spot/-k8xz","","","","",""
"A","屋内施設","KITTE丸の内","東京都","千代田区","https://kyounoko.jp/spot/KITTE-mqag","","","","",""
"A","屋内施設","東京ミッドタウン（六本木）","東京都","港区","https://kyounoko.jp/spot/-7573","","","","",""
"A","屋内施設","東京ミッドタウン日比谷","東京都","千代田区","https://kyounoko.jp/spot/-o76e","","","","",""
"A","屋内施設","ダイバーシティ東京プラザ","東京都","江東区","https://kyounoko.jp/spot/-cy8p","","","","",""
"A","屋内施設","アクアシティお台場","東京都","港区","https://kyounoko.jp/spot/-ikia","","","","",""
"A","屋内施設","グランベリーパーク（南町田）","東京都","町田市","https://kyounoko.jp/spot/-mjpp","","","","",""
"A","屋内施設","東京ソラマチ","東京都","墨田区","https://kyounoko.jp/spot/-5rxm","","","","",""
"A","屋内施設","ららぽーと立川立飛","東京都","立川市","https://kyounoko.jp/spot/-l907","","","","",""
"A","屋内施設","イオンモールむさし村山","東京都","武蔵村山市","https://kyounoko.jp/spot/-hrs1","","","","",""
"A","屋内施設","ららテラス武蔵小杉","東京都","川崎市","https://kyounoko.jp/spot/-dcg2","","","","",""
"A","屋内施設","吉祥寺アトレ・キラリナ京王吉祥寺","東京都","武蔵野市","https://kyounoko.jp/spot/-53zt","","","","",""
"A","屋内施設","マルイファミリー溝口","東京都","川崎市","https://kyounoko.jp/spot/-rlvl","","","","",""
"A","屋内施設","ルミネ町田","東京都","町田市","https://kyounoko.jp/spot/-uxp3","","","","",""
"A","屋内施設","ASOBono!（東京ドームシティ アソボーノ）","東京都","文京区","https://kyounoko.jp/spot/ASOBono!-a463","","","","",""
"A","屋内施設","レゴランド・ディスカバリー・センター東京","東京都","港区","https://kyounoko.jp/spot/-pauu","","","","",""
"A","屋内施設","ファンタジーキッズリゾート お台場","東京都","江東区","https://kyounoko.jp/spot/-n26s","","","","",""
"A","屋内施設","キドキドよみうりランド店","東京都","稲城市","https://kyounoko.jp/spot/-diob","","","","",""
"A","屋内施設","スモールワールズTOKYO","東京都","江東区","https://kyounoko.jp/spot/TOKYO-xq8o","","","","",""
"A","屋内施設","ベビーパーク KIDS PARK（複数）","東京都","複数","https://kyounoko.jp/spot/KIDS-PARK-dsq8","","","","",""
"A","屋内施設","0123吉祥寺・0123はらっぱ","東京都","武蔵野市","https://kyounoko.jp/spot/0123-0123-t3q8","","","","",""
"A","屋内施設","京王あそびの森 HUGHUG","東京都","日野市","https://kyounoko.jp/spot/HUGHUG-501y","","","","",""
"A","屋内施設","リトルプラネット（複数）","東京都","複数","https://kyounoko.jp/spot/-ij98","","","","",""
"A","屋内施設","モーリーファンタジー（複数イオン内）","東京都","複数","https://kyounoko.jp/spot/-9wh3","","","","",""
"A","屋内施設","グランパーク田町・キッズスペース","東京都","港区","https://kyounoko.jp/spot/-zisq","","","","",""
"A","博物館・科学館","宇都宮市子ども総合科学館","栃木県","宇都宮市","https://kyounoko.jp/spot/-fyee","","","","",""
"A","博物館・科学館","壬生町おもちゃ博物館","栃木県","壬生町","https://kyounoko.jp/spot/-uvho","","","","",""
"A","季節体験","日光東照宮・日光江戸村","栃木県","日光市","https://kyounoko.jp/spot/-1kv2","","","","",""
"A","牧場","りんどう湖ファミリー牧場","栃木県","那須町","https://kyounoko.jp/spot/-eb58","","","","",""
"A","牧場","那須高原りんどう湖ファミリー牧場","栃木県","那須町","https://kyounoko.jp/spot/-cblk","","","","",""
"A","屋内施設","ザキッズ 沖縄パレットくもじ店","沖縄県","那覇市","https://kyounoko.jp/spot/-z802","","","","",""
"A","屋内施設","ちきゅうのにわ イオンモール沖縄ライカム店","沖縄県","北中城村","https://kyounoko.jp/spot/-ecyb","","","","",""
"A","屋内施設","釣って見つける ぼうけんの国 沖縄","沖縄県","うるま市","https://kyounoko.jp/spot/-ne5x","","","","",""
"A","屋内施設","あそびパーク イオン具志川店","沖縄県","うるま市","https://kyounoko.jp/spot/-nygw","","","","",""
"A","博物館・科学館","琵琶湖博物館","滋賀県","草津市","https://kyounoko.jp/spot/-fwjg","","","","",""
"A","博物館・科学館","滋賀県立琵琶湖博物館","滋賀県","草津市","https://kyounoko.jp/spot/-tp00","","","","",""
"A","博物館・科学館","ヤンマーミュージアム","滋賀県","長浜市","https://kyounoko.jp/spot/-gzz0","","","","",""
"A","博物館・科学館","水のめぐみ館 アクア琵琶","滋賀県","大津市","https://kyounoko.jp/spot/-7qgu","","","","",""
"A","牧場","ブルーメの丘","滋賀県","日野町","https://kyounoko.jp/spot/-kp2f","","","","",""
"A","牧場","滋賀農業公園ブルーメの丘","滋賀県","日野町","https://kyounoko.jp/spot/-ttr7","","","","",""
"A","屋内施設","The Kids 熊本店","熊本県","熊本市","https://kyounoko.jp/spot/The-Kids-qg6u","","","","",""
"A","屋内施設","ユウベルキッズランド熊本店","熊本県","熊本市","https://kyounoko.jp/spot/-yfxx","","","","",""
"A","屋内施設","キッズユーエスランド 熊本八代店","熊本県","八代市","https://kyounoko.jp/spot/-9p34","","","","",""
"A","博物館・科学館","銀河の里キゴ山","石川県","金沢市","https://kyounoko.jp/spot/-77nh","","","","",""
"A","博物館・科学館","石川県ふれあい昆虫館","石川県","白山市","https://kyounoko.jp/spot/-lcfp","","","","",""
"A","博物館・科学館","石川県立航空プラザ","石川県","小松市","https://kyounoko.jp/spot/-ts4x","","","","",""
"A","博物館・科学館","石川県西田幾多郎記念哲学館","石川県","かほく市","https://kyounoko.jp/spot/-u2ag","","","","",""
"A","屋内施設","こどもっちパークかなざわ","石川県","金沢市","https://kyounoko.jp/spot/-eau0","","","","",""
"A","屋内施設","あそびの森 かほっくる","石川県","かほく市","https://kyounoko.jp/spot/-wbpl","","","","",""
"A","屋内施設","あめるんパーク","石川県","金沢市","https://kyounoko.jp/spot/-bm4f","","","","",""
"A","博物館・科学館","箱根彫刻の森美術館","神奈川県","箱根町","https://kyounoko.jp/spot/-oib6","","","","",""
"A","博物館・科学館","原鉄道模型博物館","神奈川県","横浜市","https://kyounoko.jp/spot/-im0s","","","","",""
"A","博物館・科学館","カップヌードルミュージアム横浜","神奈川県","横浜市","https://kyounoko.jp/spot/-0dnc","","","","",""
"A","博物館・科学館","川崎市 藤子・F・不二雄ミュージアム","神奈川県","川崎市","https://kyounoko.jp/spot/F-414c","","","","",""
"A","博物館・科学館","シルク博物館","神奈川県","横浜市","https://kyounoko.jp/spot/-yp1b","","","","",""
"A","博物館・科学館","神奈川県立 生命の星・地球博物館","神奈川県","小田原市","https://kyounoko.jp/spot/-zb2v","","","","",""
"A","博物館・科学館","湘南台文化センターこども館","神奈川県","藤沢市","https://kyounoko.jp/spot/-vp4m","","","","",""
"A","博物館・科学館","はまぎん こども宇宙科学館","神奈川県","横浜市","https://kyounoko.jp/spot/-v5mu","","","","",""
"A","季節体験","箱根湯本駅前 旧街道周辺","神奈川県","箱根町","https://kyounoko.jp/spot/-qopl","","","","",""
"A","季節体験","江ノ島水族館前ビーチ・片瀬東浜","神奈川県","藤沢市","https://kyounoko.jp/spot/-ihyr","","","","",""
"A","屋内施設","横浜アンパンマンこどもミュージアム","神奈川県","横浜市","https://kyounoko.jp/spot/-3lg7","","","","",""
"A","屋内施設","MARK IS みなとみらい","神奈川県","横浜市","https://kyounoko.jp/spot/MARK-IS-3lb7","","","","",""
"A","屋内施設","横浜ベイクォーター","神奈川県","横浜市","https://kyounoko.jp/spot/-xj09","","","","",""
"A","屋内施設","コレットマーレ桜木町","神奈川県","横浜市","https://kyounoko.jp/spot/-fl27","","","","",""
"A","屋内施設","グランツリー武蔵小杉","神奈川県","川崎市","https://kyounoko.jp/spot/-wyvr","","","","",""
"A","屋内施設","テラスモール湘南","神奈川県","藤沢市","https://kyounoko.jp/spot/-5a8h","","","","",""
"A","屋内施設","みなとみらい東急スクエア","神奈川県","横浜市","https://kyounoko.jp/spot/-yfz8","","","","",""
"A","博物館・科学館","福井県立恐竜博物館","福井県","勝山市","https://kyounoko.jp/spot/-hklq","","","","",""
"A","博物館・科学館","福井県児童科学館 エンゼルランドふくい","福井県","坂井市","https://kyounoko.jp/spot/-co4s","","","","",""
"A","博物館・科学館","セーレンプラネット（福井市自然史博物館分館）","福井県","福井市","https://kyounoko.jp/spot/-whtg","","","","",""
"A","博物館・科学館","福井県立こども歴史文化館","福井県","福井市","https://kyounoko.jp/spot/-nvk0","","","","",""
"A","博物館・科学館","福井県立一乗谷朝倉氏遺跡博物館","福井県","福井市","https://kyounoko.jp/spot/-p08y","","","","",""
"A","博物館・科学館","北九州市立いのちのたび博物館","福岡県","北九州市","https://kyounoko.jp/spot/-la6v","","","","",""
"A","屋内施設","ボーネルンドあそびのせかい（ららぽーと等）","福岡県","複数","https://kyounoko.jp/spot/-ucr9","","","","",""
"A","屋内施設","キッザニア福岡","福岡県","福岡市","https://kyounoko.jp/spot/-jvfx","","","","",""
"A","屋内施設","福岡アンパンマンこどもミュージアムinモール","福岡県","福岡市","https://kyounoko.jp/spot/in-0rqa","","","","",""
"A","屋内施設","モーリーファンタジー イオンモール大牟田","福岡県","大牟田市","https://kyounoko.jp/spot/-d2jq","","","","",""
"A","博物館・科学館","コミュタン福島（福島県環境創造センター交流棟）","福島県","三春町","https://kyounoko.jp/spot/-ydyh","","","","",""
"A","博物館・科学館","郡山市ふれあい科学館 スペースパーク","福島県","郡山市","https://kyounoko.jp/spot/-zc29","","","","",""
"A","博物館・科学館","いわき市石炭・化石館 ほるる","福島県","いわき市","https://kyounoko.jp/spot/-b5qu","","","","",""
"A","博物館・科学館","リカちゃんキャッスル","福島県","小野町","https://kyounoko.jp/spot/-y5fp","","","","",""
"A","博物館・科学館","さざえ堂","福島県","会津若松市","https://kyounoko.jp/spot/-mudm","","","","",""
"A","季節体験","あぶくま洞","福島県","田村市","https://kyounoko.jp/spot/-zyz1","","","","",""
"A","博物館・科学館","サイエンスパーク・能代市子ども館","秋田県","能代市","https://kyounoko.jp/spot/-0kad","","","","",""
"A","博物館・科学館","能代エナジアムパーク","秋田県","能代市","https://kyounoko.jp/spot/-0h6i","","","","",""
"A","博物館・科学館","秋田県立博物館","秋田県","秋田市","https://kyounoko.jp/spot/-ob9i","","","","",""
"A","博物館・科学館","なまはげ館","秋田県","男鹿市","https://kyounoko.jp/spot/-5w8v","","","","",""
"A","屋内施設","鳥海山 木のおもちゃ館","秋田県","由利本荘市","https://kyounoko.jp/spot/-c01l","","","","",""
"A","屋内施設","ワンダーキャッスル","秋田県","由利本荘市","https://kyounoko.jp/spot/-rvwx","","","","",""
"A","屋内施設","秋田県児童会館 みらいあ","秋田県","秋田市","https://kyounoko.jp/spot/-oemp","","","","",""
"A","博物館・科学館","伊香保おもちゃと人形 自動車博物館","群馬県","渋川市","https://kyounoko.jp/spot/-dete","","","","",""
"A","博物館・科学館","こんにゃくパーク","群馬県","甘楽町","https://kyounoko.jp/spot/-8jhu","","","","",""
"A","博物館・科学館","群馬県立 ぐんま昆虫の森","群馬県","桐生市","https://kyounoko.jp/spot/-9cgq","","","","",""
"A","博物館・科学館","富岡製糸場","群馬県","富岡市","https://kyounoko.jp/spot/-d6el","","","","",""
"A","季節体験","草津温泉 湯畑周辺","群馬県","草津町","https://kyounoko.jp/spot/-4ulq","","","","",""
"A","屋内施設","ぐんまこどもの国児童会館","群馬県","太田市","https://kyounoko.jp/spot/-vrqj","","","","",""
"A","屋内施設","フレーベル館 Kinder Platz ガーデン前橋店","群馬県","前橋市","https://kyounoko.jp/spot/Kinder-Platz-ysfc","","","","",""
"A","牧場","伊香保グリーン牧場","群馬県","渋川市","https://kyounoko.jp/spot/-d8fs","","","","",""
"A","牧場","神津牧場","群馬県","下仁田町","https://kyounoko.jp/spot/-pjwg","","","","",""
"A","博物館・科学館","つくばエキスポセンター","茨城県","つくば市","https://kyounoko.jp/spot/-nmlf","","","","",""
"A","博物館・科学館","JAXA筑波宇宙センター","茨城県","つくば市","https://kyounoko.jp/spot/JAXA-3t16","","","","",""
"A","博物館・科学館","大洗わくわく科学館","茨城県","大洗町","https://kyounoko.jp/spot/-hze2","","","","",""
"A","博物館・科学館","ミュージアムパーク茨城県自然博物館","茨城県","坂東市","https://kyounoko.jp/spot/-pecb","","","","",""
"A","屋内施設","キッズユーエスランド 牛久店","茨城県","牛久市","https://kyounoko.jp/spot/-wyl8","","","","",""
"A","牧場","こもれび森のイバライド","茨城県","稲敷市","https://kyounoko.jp/spot/-gf2e","","","","",""
"A","博物館・科学館","長崎市科学館","長崎県","長崎市","https://kyounoko.jp/spot/-e352","","","","",""
"A","屋内施設","諫早市こどもの城","長崎県","諫早市","https://kyounoko.jp/spot/-5625","","","","",""
"A","屋内施設","プラザ大村 地域子育て支援センター","長崎県","大村市","https://kyounoko.jp/spot/-o9ca","","","","",""
"A","博物館・科学館","長野市少年科学センター","長野県","長野市","https://kyounoko.jp/spot/-uw4n","","","","",""
"A","博物館・科学館","軽井沢絵本の森美術館（ムーゼの森）","長野県","軽井沢町","https://kyounoko.jp/spot/-732c","","","","",""
"A","牧場","滝沢牧場","長野県","南牧村","https://kyounoko.jp/spot/-ebiz","","","","",""
"A","牧場","八ヶ岳アルパカ牧場","長野県","富士見町","https://kyounoko.jp/spot/-fzb4","","","","",""
"A","博物館・科学館","青森県立三沢航空科学館","青森県","三沢市","https://kyounoko.jp/spot/-emav","","","","",""
"A","博物館・科学館","ねぶたの家 ワ・ラッセ","青森県","青森市","https://kyounoko.jp/spot/-55hk","","","","",""
"A","博物館・科学館","青森県観光物産館アスパム","青森県","青森市","https://kyounoko.jp/spot/-n3ir","","","","",""
"A","屋内施設","The Kids（ザ・キッズ）","青森県","青森市","https://kyounoko.jp/spot/The-Kids-gt8b","","","","",""
"A","屋内施設","こどもはっち","青森県","八戸市","https://kyounoko.jp/spot/-hfox","","","","",""
"A","屋内施設","八食センター","青森県","八戸市","https://kyounoko.jp/spot/-fh0p","","","","",""
"A","屋内施設","カクヒログループスーパーアリーナ キッズルーム","青森県","青森市","https://kyounoko.jp/spot/-cc9z","","","","",""
"A","博物館・科学館","静岡科学館る・く・る","静岡県","静岡市","https://kyounoko.jp/spot/-i9h4","","","","",""
"A","博物館・科学館","香川県立ミュージアム","香川県","高松市","https://kyounoko.jp/spot/-5lr9","","","","",""
"A","博物館・科学館","高松市こども未来館","香川県","高松市","https://kyounoko.jp/spot/-76h1","","","","",""
"A","屋内施設","讃岐おもちゃ美術館","香川県","高松市","https://kyounoko.jp/spot/-mopy","","","","",""
"A","屋内施設","BOAT KIDS PARK Mooovi まるがめ","香川県","丸亀市","https://kyounoko.jp/spot/BOAT-KIDS-PARK-Mooovi-bht6","","","","",""
"A","博物館・科学館","創造広場アクトランド","高知県","香南市","https://kyounoko.jp/spot/-nvhg","","","","",""
"A","博物館・科学館","高知みらい科学館","高知県","高知市","https://kyounoko.jp/spot/-187v","","","","",""
"A","博物館・科学館","香美市立やなせたかし記念館 アンパンマンミュージアム","高知県","香美市","https://kyounoko.jp/spot/-zlxa","","","","",""
"A","屋内施設","佐川おもちゃ美術館","高知県","高岡郡佐川町","https://kyounoko.jp/spot/-7ej3","","","","",""
"A","博物館・科学館","わらべ館","鳥取県","鳥取市","https://kyounoko.jp/spot/-8dan","","","","",""
"A","博物館・科学館","鳥取二十世紀梨記念館 なしっこ館","鳥取県","倉吉市","https://kyounoko.jp/spot/-nout","","","","",""
"A","屋内施設","倉吉パークスクエア","鳥取県","倉吉市","https://kyounoko.jp/spot/-bcfd","","","","",""
"A","牧場","大山まきばみるくの里","鳥取県","伯耆町","https://kyounoko.jp/spot/-g002","","","","",""
"A","博物館・科学館","鹿児島市立科学館","鹿児島県","鹿児島市","https://kyounoko.jp/spot/-z342","","","","",""
"A","屋内施設","リトルプラネット イオンモールKAGOSHIMA BAY","鹿児島県","鹿児島市","https://kyounoko.jp/spot/KAGOSHIMA-BAY-f8ac","","","","",""
"A","屋内施設","霧島市こども館 すかいぴあ","鹿児島県","霧島市","https://kyounoko.jp/spot/-40z8","","","","",""
"A","屋内施設","知育玩具広場 そだて宇宿店","鹿児島県","鹿児島市","https://kyounoko.jp/spot/-qqkl","","","","",""
"B","水族館","鳥羽水族館","三重県","鳥羽市","https://kyounoko.jp/spot/-nz74","","","","",""
"B","水族館","伊勢シーパラダイス","三重県","伊勢市","https://kyounoko.jp/spot/-vibp","","","","",""
"B","動物園","京都市動物園","京都府","京都市","https://kyounoko.jp/spot/-81tu","","","","",""
"B","水族館","京都水族館","京都府","京都市","https://kyounoko.jp/spot/-pwa7","","","","",""
"B","動物園","神戸どうぶつ王国","兵庫県","神戸市","https://kyounoko.jp/spot/-9dd3","","","","",""
"B","動物園","姫路セントラルパーク","兵庫県","姫路市","https://kyounoko.jp/spot/-a4cu","","","","",""
"B","水族館","須磨シーワールド","兵庫県","神戸市","https://kyounoko.jp/spot/-05te","","","","",""
"B","動物園","旭山動物園","北海道","旭川市","https://kyounoko.jp/spot/-jxpu","","","","",""
"B","動物園","札幌市円山動物園","北海道","札幌市","https://kyounoko.jp/spot/-9jfd","","","","",""
"B","動物園","のぼりべつクマ牧場","北海道","登別市","https://kyounoko.jp/spot/-g3qb","","","","",""
"B","動物園","旭川市旭山動物園","北海道","旭川市","https://kyounoko.jp/spot/-jqqo","","","","",""
"B","水族館","サンピアザ水族館","北海道","札幌市","https://kyounoko.jp/spot/-ecz0","","","","",""
"B","水族館","おたる水族館","北海道","小樽市","https://kyounoko.jp/spot/-5ytr","","","","",""
"B","水族館","AOAO SAPPORO","北海道","札幌市","https://kyounoko.jp/spot/AOAO-SAPPORO-o5q5","","","","",""
"B","動物園","千葉市動物公園","千葉県","千葉市","https://kyounoko.jp/spot/-dojn","","","","",""
"B","水族館","鴨川シーワールド","千葉県","鴨川市","https://kyounoko.jp/spot/-812n","","","","",""
"B","動物園","アドベンチャーワールド","和歌山県","白浜町","https://kyounoko.jp/spot/-2awz","","","","",""
"B","水族館","串本海中公園","和歌山県","串本町","https://kyounoko.jp/spot/-9662","","","","",""
"B","動物園","東武動物公園","埼玉県","宮代町","https://kyounoko.jp/spot/-fkqw","","","","",""
"B","動物園","埼玉県こども動物自然公園","埼玉県","東松山市","https://kyounoko.jp/spot/-vinb","","","","",""
"B","動物園","高崎山自然動物園","大分県","大分市","https://kyounoko.jp/spot/-ewhf","","","","",""
"B","動物園","九州自然動物公園アフリカンサファリ","大分県","宇佐市","https://kyounoko.jp/spot/-69vb","","","","",""
"B","水族館","うみたまご","大分県","大分市","https://kyounoko.jp/spot/-jr2m","","","","",""
"B","水族館","大分マリーンパレス水族館「うみたまご」","大分県","大分市","https://kyounoko.jp/spot/-hp1e","","","","",""
"B","動物園","天王寺動物園","大阪府","大阪市","https://kyounoko.jp/spot/-ul3i","","","","",""
"B","水族館","海遊館","大阪府","大阪市","https://kyounoko.jp/spot/-f4z3","","","","",""
"B","水族館","ニフレル","大阪府","吹田市","https://kyounoko.jp/spot/-g0ov","","","","",""
"B","動物園","八木山動物公園 フジサキの杜","宮城県","仙台市","https://kyounoko.jp/spot/-6abk","","","","",""
"B","動物園","八木山動物公園フジサキの杜","宮城県","仙台市","https://kyounoko.jp/spot/-jr8w","","","","",""
"B","動物園","宮城蔵王キツネ村","宮城県","蔵王町","https://kyounoko.jp/spot/-tohb","","","","",""
"B","水族館","仙台うみの杜水族館","宮城県","仙台市","https://kyounoko.jp/spot/-47ns","","","","",""
"B","動物園","宮崎市フェニックス自然動物園","宮崎県","宮崎市","https://kyounoko.jp/spot/-zk9h","","","","",""
"B","動物園","富山市ファミリーパーク","富山県","富山市","https://kyounoko.jp/spot/-iuyw","","","","",""
"B","水族館","魚津水族館","富山県","魚津市","https://kyounoko.jp/spot/-xydk","","","","",""
"B","動物園","秋吉台サファリランド","山口県","美祢市","https://kyounoko.jp/spot/-qoew","","","","",""
"B","動物園","秋吉台自然動物公園サファリランド","山口県","美祢市","https://kyounoko.jp/spot/-ls3y","","","","",""
"B","動物園","ときわ動物園","山口県","宇部市","https://kyounoko.jp/spot/-7h23","","","","",""
"B","水族館","下関市立しものせき水族館 海響館","山口県","下関市","https://kyounoko.jp/spot/-l847","","","","",""
"B","水族館","海響館（下関市立しものせき水族館）","山口県","下関市","https://kyounoko.jp/spot/-1qq5","","","","",""
"B","水族館","加茂水族館","山形県","鶴岡市","https://kyounoko.jp/spot/-65lh","","","","",""
"B","水族館","鶴岡市立加茂水族館","山形県","鶴岡市","https://kyounoko.jp/spot/-u52t","","","","",""
"B","水族館","山梨県立富士湧水の里水族館","山梨県","忍野村","https://kyounoko.jp/spot/-0ayy","","","","",""
"B","水族館","世界淡水魚園水族館 アクア・トトぎふ","岐阜県","各務原市","https://kyounoko.jp/spot/-yogo","","","","",""
"B","動物園","渋川動物公園","岡山県","玉野市","https://kyounoko.jp/spot/-2phk","","","","",""
"B","動物園","池田動物園","岡山県","岡山市北区","https://kyounoko.jp/spot/-igms","","","","",""
"B","水族館","渋川マリン水族館","岡山県","玉野市","https://kyounoko.jp/spot/-qffw","","","","",""
"B","動物園","盛岡市動物公園 ZOOMO","岩手県","盛岡市","https://kyounoko.jp/spot/ZOOMO-8ry2","","","","",""
"B","動物園","盛岡市動物公園ZOOMO","岩手県","盛岡市","https://kyounoko.jp/spot/ZOOMO-up3y","","","","",""
"B","動物園","岩手サファリパーク","岩手県","一関市","https://kyounoko.jp/spot/-rhz9","","","","",""
"B","動物園","松江フォーゲルパーク","島根県","松江市","https://kyounoko.jp/spot/-s67a","","","","",""
"B","水族館","島根県立しまね海洋館アクアス","島根県","浜田市","https://kyounoko.jp/spot/-7fod","","","","",""
"B","水族館","島根県立宍道湖自然館 ゴビウス","島根県","出雲市","https://kyounoko.jp/spot/-tzed","","","","",""
"B","動物園","安佐動物公園","広島県","広島市","https://kyounoko.jp/spot/-dybe","","","","",""
"B","動物園","広島市安佐動物公園","広島県","広島市","https://kyounoko.jp/spot/-pkun","","","","",""
"B","動物園","福山市立動物園","広島県","福山市","https://kyounoko.jp/spot/-9dtx","","","","",""
"B","水族館","みやじマリン 宮島水族館","広島県","廿日市市","https://kyounoko.jp/spot/-rs53","","","","",""
"B","水族館","マリホ水族館","広島県","広島市","https://kyounoko.jp/spot/-ts1v","","","","",""
"B","動物園","とくしま動物園","徳島県","徳島市","https://kyounoko.jp/spot/-klxi","","","","",""
"B","動物園","とべ動物園","愛媛県","砥部町","https://kyounoko.jp/spot/-kg5y","","","","",""
"B","動物園","愛媛県立とべ動物園","愛媛県","伊予郡砥部町","https://kyounoko.jp/spot/-o0jk","","","","",""
"B","水族館","おさかな館","愛媛県","大洲市","https://kyounoko.jp/spot/-ghnp","","","","",""
"B","動物園","東山動植物園","愛知県","名古屋市","https://kyounoko.jp/spot/-nbu1","","","","",""
"B","動物園","豊橋総合動植物公園 のんほいパーク","愛知県","豊橋市","https://kyounoko.jp/spot/-5ze0","","","","",""
"B","水族館","名古屋港水族館","愛知県","名古屋市","https://kyounoko.jp/spot/-0eq0","","","","",""
"B","水族館","マリンピア日本海","新潟県","新潟市","https://kyounoko.jp/spot/-vrzb","","","","",""
"B","水族館","新潟市水族館 マリンピア日本海","新潟県","新潟市","https://kyounoko.jp/spot/-m5zj","","","","",""
"B","水族館","上越市立水族博物館 うみがたり","新潟県","上越市","https://kyounoko.jp/spot/-yhke","","","","",""
"B","水族館","長岡市寺泊水族博物館","新潟県","長岡市","https://kyounoko.jp/spot/-p1vd","","","","",""
"B","動物園","上野動物園","東京都","台東区","https://kyounoko.jp/spot/-xuw1","","","","",""
"B","動物園","多摩動物公園","東京都","日野市","https://kyounoko.jp/spot/-phb0","","","","",""
"B","動物園","板橋区立こども動物園","東京都","板橋区","https://kyounoko.jp/spot/-g3m1","","","","",""
"B","動物園","江戸川区自然動物園（行船公園）","東京都","江戸川区","https://kyounoko.jp/spot/-cpuc","","","","",""
"B","動物園","足立区生物園","東京都","足立区","https://kyounoko.jp/spot/-o6rm","","","","",""
"B","動物園","ぐりんぱから一足のばして・羽村市動物公園","東京都","羽村市","https://kyounoko.jp/spot/-ttap","","","","",""
"B","動物園","井の頭自然文化園","東京都","武蔵野市","https://kyounoko.jp/spot/-jlzu","","","","",""
"B","水族館","葛西臨海水族園","東京都","江戸川区","https://kyounoko.jp/spot/-ysyk","","","","",""
"B","水族館","サンシャイン水族館","東京都","豊島区","https://kyounoko.jp/spot/-cyxc","","","","",""
"B","水族館","すみだ水族館","東京都","墨田区","https://kyounoko.jp/spot/-w6hr","","","","",""
"B","水族館","マクセル アクアパーク品川","東京都","港区","https://kyounoko.jp/spot/-5gmr","","","","",""
"B","水族館","カワスイ 川崎水族館","東京都","川崎市","https://kyounoko.jp/spot/-2wza","","","","",""
"B","水族館","しながわ水族館","東京都","品川区","https://kyounoko.jp/spot/-46qr","","","","",""
"B","動物園","那須どうぶつ王国","栃木県","那須町","https://kyounoko.jp/spot/-lrt8","","","","",""
"B","動物園","宇都宮動物園","栃木県","宇都宮市","https://kyounoko.jp/spot/-ydv5","","","","",""
"B","動物園","那須サファリパーク","栃木県","那須町","https://kyounoko.jp/spot/-o0iq","","","","",""
"B","水族館","なかがわ水遊園","栃木県","大田原市","https://kyounoko.jp/spot/-z8ap","","","","",""
"B","動物園","沖縄こどもの国","沖縄県","沖縄市","https://kyounoko.jp/spot/-r47n","","","","",""
"B","動物園","ネオパークオキナワ","沖縄県","名護市","https://kyounoko.jp/spot/-6iuf","","","","",""
"B","水族館","沖縄美ら海水族館","沖縄県","本部町","https://kyounoko.jp/spot/-gj65","","","","",""
"B","水族館","DMMかりゆし水族館","沖縄県","豊見城市","https://kyounoko.jp/spot/DMM-q8sa","","","","",""
"B","動物園","熊本市動植物園","熊本県","熊本市","https://kyounoko.jp/spot/-xeo4","","","","",""
"B","動物園","阿蘇カドリー・ドミニオン","熊本県","阿蘇市","https://kyounoko.jp/spot/-b0me","","","","",""
"B","動物園","いしかわ動物園","石川県","能美市","https://kyounoko.jp/spot/-vqdn","","","","",""
"B","水族館","のとじま水族館","石川県","七尾市","https://kyounoko.jp/spot/-ow9l","","","","",""
"B","動物園","よこはま動物園ズーラシア","神奈川県","横浜市","https://kyounoko.jp/spot/-0q1d","","","","",""
"B","水族館","横浜・八景島シーパラダイス","神奈川県","横浜市","https://kyounoko.jp/spot/-n9uc","","","","",""
"B","水族館","新江ノ島水族館","神奈川県","藤沢市","https://kyounoko.jp/spot/-83v5","","","","",""
"B","動物園","鯖江市西山動物園","福井県","鯖江市","https://kyounoko.jp/spot/-bduk","","","","",""
"B","動物園","足羽山公園遊園地","福井県","福井市","https://kyounoko.jp/spot/-d8ex","","","","",""
"B","水族館","越前松島水族館","福井県","坂井市","https://kyounoko.jp/spot/-dbll","","","","",""
"B","動物園","福岡市動物園","福岡県","福岡市","https://kyounoko.jp/spot/-g4tu","","","","",""
"B","動物園","到津の森公園","福岡県","北九州市","https://kyounoko.jp/spot/-pn97","","","","",""
"B","動物園","大牟田市動物園","福岡県","大牟田市","https://kyounoko.jp/spot/-na9u","","","","",""
"B","水族館","マリンワールド海の中道","福岡県","福岡市","https://kyounoko.jp/spot/-q2er","","","","",""
"B","水族館","アクアマリンふくしま","福島県","いわき市","https://kyounoko.jp/spot/-ouas","","","","",""
"B","動物園","秋田市大森山動物園","秋田県","秋田市","https://kyounoko.jp/spot/-opge","","","","",""
"B","動物園","秋田市大森山動物園ミルヴェ","秋田県","秋田市","https://kyounoko.jp/spot/-kmyp","","","","",""
"B","水族館","男鹿水族館 GAO","秋田県","男鹿市","https://kyounoko.jp/spot/GAO-owbc","","","","",""
"B","水族館","男鹿水族館GAO","秋田県","男鹿市","https://kyounoko.jp/spot/GAO-wc8y","","","","",""
"B","動物園","群馬サファリパーク","群馬県","富岡市","https://kyounoko.jp/spot/-l338","","","","",""
"B","動物園","日立市かみね動物園","茨城県","日立市","https://kyounoko.jp/spot/-k0re","","","","",""
"B","水族館","アクアワールド茨城県大洗水族館","茨城県","大洗町","https://kyounoko.jp/spot/-9xdq","","","","",""
"B","動物園","長崎バイオパーク","長崎県","西海市","https://kyounoko.jp/spot/-zlca","","","","",""
"B","動物園","九十九島動植物園森きらら","長崎県","佐世保市","https://kyounoko.jp/spot/-ops7","","","","",""
"B","水族館","長崎ペンギン水族館","長崎県","長崎市","https://kyounoko.jp/spot/-07to","","","","",""
"B","水族館","九十九島水族館海きらら","長崎県","佐世保市","https://kyounoko.jp/spot/-ubng","","","","",""
"B","動物園","茶臼山動物園","長野県","長野市","https://kyounoko.jp/spot/-mnbk","","","","",""
"B","動物園","須坂市動物園","長野県","須坂市","https://kyounoko.jp/spot/-kb3k","","","","",""
"B","動物園","城山動物園","長野県","長野市","https://kyounoko.jp/spot/-k0dg","","","","",""
"B","動物園","飯田市立動物園","長野県","飯田市","https://kyounoko.jp/spot/-9md1","","","","",""
"B","水族館","浅虫水族館","青森県","青森市","https://kyounoko.jp/spot/-o4ws","","","","",""
"B","動物園","富士サファリパーク","静岡県","裾野市","https://kyounoko.jp/spot/-8edw","","","","",""
"B","動物園","伊豆アニマルキングダム","静岡県","東伊豆町","https://kyounoko.jp/spot/-h2vd","","","","",""
"B","動物園","静岡市立日本平動物園","静岡県","静岡市","https://kyounoko.jp/spot/-wf5l","","","","",""
"B","動物園","浜松市動物園","静岡県","浜松市","https://kyounoko.jp/spot/-da3s","","","","",""
"B","動物園","掛川花鳥園","静岡県","掛川市","https://kyounoko.jp/spot/-bfly","","","","",""
"B","水族館","東海大学海洋科学博物館","静岡県","静岡市","https://kyounoko.jp/spot/-ymw3","","","","",""
"B","水族館","沼津港深海水族館","静岡県","沼津市","https://kyounoko.jp/spot/-44f0","","","","",""
"B","水族館","下田海中水族館","静岡県","下田市","https://kyounoko.jp/spot/-s2nn","","","","",""
"B","水族館","御殿場高原 時之栖 水中楽園AQUARIUM","静岡県","御殿場市","https://kyounoko.jp/spot/AQUARIUM-zccz","","","","",""
"B","水族館","浜名湖体験学習施設ウォット","静岡県","浜松市","https://kyounoko.jp/spot/-l99j","","","","",""
"B","動物園","しろとり動物園","香川県","東かがわ市","https://kyounoko.jp/spot/-hswd","","","","",""
"B","水族館","四国水族館","香川県","宇多津町","https://kyounoko.jp/spot/-tsrf","","","","",""
"B","動物園","のいち動物公園","高知県","香南市","https://kyounoko.jp/spot/-wmsv","","","","",""
"B","動物園","わんぱーくこうち","高知県","高知市","https://kyounoko.jp/spot/-y2ar","","","","",""
"B","水族館","桂浜水族館","高知県","高知市","https://kyounoko.jp/spot/-j0b4","","","","",""
"B","水族館","かにっこ館","鳥取県","鳥取市","https://kyounoko.jp/spot/-1drw","","","","",""
"B","動物園","平川動物公園","鹿児島県","鹿児島市","https://kyounoko.jp/spot/-bkil","","","","",""
"B","水族館","いおワールドかごしま水族館","鹿児島県","鹿児島市","https://kyounoko.jp/spot/-sh35","","","","",""
"C","遊園地","志摩スペイン村","三重県","志摩市","https://kyounoko.jp/spot/-5lrk","","","","",""
"C","遊園地","名古屋アンパンマンこどもミュージアム＆パーク","三重県","桑名市","https://kyounoko.jp/spot/-pxkl","","","","",""
"C","遊園地","ナガシマスパーランド","三重県","桑名市","https://kyounoko.jp/spot/-bvsv","","","","",""
"C","遊園地","鈴鹿サーキット","三重県","鈴鹿市","https://kyounoko.jp/spot/-whrs","","","","",""
"C","遊園地","おやつタウン","三重県","津市","https://kyounoko.jp/spot/-0z6s","","","","",""
"C","公園","梅小路公園","京都府","京都市","https://kyounoko.jp/spot/-slkw","","","","",""
"C","公園","宝が池公園 子どもの楽園","京都府","京都市左京区","https://kyounoko.jp/spot/-bqrg","","","","",""
"C","公園","京都府立植物園","京都府","京都市左京区","https://kyounoko.jp/spot/-zv9z","","","","",""
"C","公園","けいはんな記念公園","京都府","精華町","https://kyounoko.jp/spot/-uylf","","","","",""
"C","公園","LOGOS LAND（ロゴスランド）","京都府","城陽市","https://kyounoko.jp/spot/LOGOS-LAND-7qwq","","","","",""
"C","公園","京都府立 丹波自然運動公園","京都府","京丹波町","https://kyounoko.jp/spot/-rzlw","","","","",""
"C","公園","アクトパル宇治","京都府","宇治市","https://kyounoko.jp/spot/-y923","","","","",""
"C","公園","吉野ヶ里歴史公園","佐賀県","神埼市","https://kyounoko.jp/spot/-d7tx","","","","",""
"C","公園","道の駅うれしの まるく","佐賀県","嬉野市","https://kyounoko.jp/spot/-vx4a","","","","",""
"C","遊園地","神野公園こども遊園地","佐賀県","佐賀市","https://kyounoko.jp/spot/-rox0","","","","",""
"C","遊園地","森とリスの遊園地 メルヘン村","佐賀県","武雄市","https://kyounoko.jp/spot/-ww0b","","","","",""
"C","公園","神戸市立須磨離宮公園","兵庫県","神戸市須磨区","https://kyounoko.jp/spot/-s7ib","","","","",""
"C","公園","西猪名公園","兵庫県","伊丹市","https://kyounoko.jp/spot/-2c89","","","","",""
"C","遊園地","ニジゲンノモリ（淡路島）","兵庫県","淡路市","https://kyounoko.jp/spot/-ivnu","","","","",""
"C","遊園地","東条湖おもちゃ王国","兵庫県","加東市","https://kyounoko.jp/spot/-s033","","","","",""
"C","公園","北海道こどもの国","北海道","砂川市","https://kyounoko.jp/spot/-cwkr","","","","",""
"C","公園","国営滝野すずらん丘陵公園","北海道","札幌市","https://kyounoko.jp/spot/-8cjj","","","","",""
"C","公園","モエレ沼公園","北海道","札幌市","https://kyounoko.jp/spot/-kd8l","","","","",""
"C","公園","ふなばしアンデルセン公園","千葉県","船橋市","https://kyounoko.jp/spot/-1e1o","","","","",""
"C","公園","南房総国民休暇村","千葉県","館山市","https://kyounoko.jp/spot/-ueie","","","","",""
"C","公園","ふなばしアンデルセン公園 にじの池","千葉県","船橋市","https://kyounoko.jp/spot/-7bh1","","","","",""
"C","公園","県立青葉の森公園 水の広場","千葉県","千葉市","https://kyounoko.jp/spot/-ypt6","","","","",""
"C","公園","袖ケ浦公園 じゃぶじゃぶ池","千葉県","袖ケ浦市","https://kyounoko.jp/spot/-qe5h","","","","",""
"C","公園","柏の葉公園 噴水広場","千葉県","柏市","https://kyounoko.jp/spot/-v0qd","","","","",""
"C","遊園地","東京ディズニーランド","千葉県","浦安市","https://kyounoko.jp/spot/-nnnr","","","","",""
"C","遊園地","東京ディズニーシー","千葉県","浦安市","https://kyounoko.jp/spot/-e5gd","","","","",""
"C","公園","和歌山城","和歌山県","和歌山市","https://kyounoko.jp/spot/-3u34","","","","",""
"C","公園","道の駅 四季の郷公園 FOOD HUNTER PARK","和歌山県","和歌山市","https://kyounoko.jp/spot/FOOD-HUNTER-PARK-69ci","","","","",""
"C","公園","友ヶ島","和歌山県","和歌山市","https://kyounoko.jp/spot/-wzi6","","","","",""
"C","公園","白崎海洋公園","和歌山県","由良町","https://kyounoko.jp/spot/-v3mz","","","","",""
"C","公園","さぎのせ公園","和歌山県","岩出市","https://kyounoko.jp/spot/-p2jl","","","","",""
"C","遊園地","ポルトヨーロッパ","和歌山県","和歌山市","https://kyounoko.jp/spot/-j3z4","","","","",""
"C","公園","トーベ・ヤンソンあけぼの子どもの森公園","埼玉県","飯能市","https://kyounoko.jp/spot/-tbkb","","","","",""
"C","公園","武蔵丘陵森林公園","埼玉県","滑川町","https://kyounoko.jp/spot/-kfbn","","","","",""
"C","公園","NACK5スタジアム大宮・大宮公園","埼玉県","さいたま市","https://kyounoko.jp/spot/NACK5-uby5","","","","",""
"C","公園","水とやすらぎの広場（大宮配水場内）","埼玉県","さいたま市","https://kyounoko.jp/spot/-4oa1","","","","",""
"C","公園","所沢航空記念公園 むさしの川","埼玉県","所沢市","https://kyounoko.jp/spot/-sv6y","","","","",""
"C","公園","大宮花の丘農林公苑 親水広場","埼玉県","さいたま市","https://kyounoko.jp/spot/-vzw5","","","","",""
"C","遊園地","ムーミンバレーパーク","埼玉県","飯能市","https://kyounoko.jp/spot/-kses","","","","",""
"C","遊園地","川越鉄道公園 西武園ゆうえんち","埼玉県","所沢市","https://kyounoko.jp/spot/-v93h","","","","",""
"C","遊園地","むさしの村","埼玉県","加須市","https://kyounoko.jp/spot/-kbr7","","","","",""
"C","公園","るるパーク（大分農業文化公園）","大分県","杵築市","https://kyounoko.jp/spot/-jke7","","","","",""
"C","公園","大貞公園","大分県","中津市","https://kyounoko.jp/spot/-c4hs","","","","",""
"C","遊園地","ハーモニーランド","大分県","日出町","https://kyounoko.jp/spot/-4kk7","","","","",""
"C","遊園地","城島高原パーク","大分県","別府市","https://kyounoko.jp/spot/-6y4v","","","","",""
"C","公園","万博記念公園","大阪府","吹田市","https://kyounoko.jp/spot/-lnoy","","","","",""
"C","遊園地","ひらかたパーク","大阪府","枚方市","https://kyounoko.jp/spot/-yg6v","","","","",""
"C","遊園地","天保山大観覧車","大阪府","大阪市港区","https://kyounoko.jp/spot/-j0xb","","","","",""
"C","公園","奈良公園","奈良県","奈良市","https://kyounoko.jp/spot/-b42u","","","","",""
"C","公園","奈良県営馬見丘陵公園","奈良県","河合町","https://kyounoko.jp/spot/-zv7a","","","","",""
"C","公園","平城宮跡歴史公園 朱雀門ひろば","奈良県","奈良市","https://kyounoko.jp/spot/-7xp3","","","","",""
"C","公園","曽爾高原","奈良県","曽爾村","https://kyounoko.jp/spot/-hgfe","","","","",""
"C","公園","生駒山麓公園 ふれあいセンター","奈良県","生駒市","https://kyounoko.jp/spot/-j3pw","","","","",""
"C","遊園地","生駒山上遊園地","奈良県","生駒市","https://kyounoko.jp/spot/-aped","","","","",""
"C","公園","国営みちのく杜の湖畔公園","宮城県","川崎町","https://kyounoko.jp/spot/-e67p","","","","",""
"C","公園","海岸公園冒険広場","宮城県","仙台市","https://kyounoko.jp/spot/-ylut","","","","",""
"C","遊園地","八木山ベニーランド","宮城県","仙台市","https://kyounoko.jp/spot/-9mle","","","","",""
"C","公園","天ヶ城公園","宮崎県","宮崎市","https://kyounoko.jp/spot/-ha7u","","","","",""
"C","公園","皇子原公園","宮崎県","西諸県郡高原町","https://kyounoko.jp/spot/-uoa6","","","","",""
"C","公園","観音池公園","宮崎県","都城市","https://kyounoko.jp/spot/-xfbc","","","","",""
"C","遊園地","ヘルストピア延岡","宮崎県","延岡市","https://kyounoko.jp/spot/-h815","","","","",""
"C","公園","県民公園太閤山ランド","富山県","射水市","https://kyounoko.jp/spot/-yr9q","","","","",""
"C","公園","高岡おとぎの森公園","富山県","高岡市","https://kyounoko.jp/spot/-k9r9","","","","",""
"C","公園","富山県美術館 オノマトペの屋上","富山県","富山市","https://kyounoko.jp/spot/-olnj","","","","",""
"C","公園","氷見市海浜植物園","富山県","氷見市","https://kyounoko.jp/spot/-hxhi","","","","",""
"C","公園","富山県中央植物園","富山県","富山市","https://kyounoko.jp/spot/-uub8","","","","",""
"C","遊園地","ミラージュランド","富山県","魚津市","https://kyounoko.jp/spot/-b09s","","","","",""
"C","公園","愛宕山ふくろう公園","山口県","岩国市","https://kyounoko.jp/spot/-gwg0","","","","",""
"C","公園","吉香公園","山口県","岩国市","https://kyounoko.jp/spot/-8j4a","","","","",""
"C","公園","大平山山頂公園","山口県","防府市","https://kyounoko.jp/spot/-zesq","","","","",""
"C","公園","月山あさひサンチュアパーク","山形県","鶴岡市","https://kyounoko.jp/spot/-kbvq","","","","",""
"C","公園","西蔵王公園","山形県","山形市","https://kyounoko.jp/spot/-pmw9","","","","",""
"C","遊園地","リナワールド","山形県","上山市","https://kyounoko.jp/spot/-d7nh","","","","",""
"C","公園","愛宕山こどもの国","山梨県","甲府市","https://kyounoko.jp/spot/-xe53","","","","",""
"C","公園","曽根丘陵公園","山梨県","甲府市","https://kyounoko.jp/spot/-bn8u","","","","",""
"C","公園","山梨県笛吹川フルーツ公園","山梨県","山梨市","https://kyounoko.jp/spot/-wnyk","","","","",""
"C","公園","ハイジの村","山梨県","北杜市","https://kyounoko.jp/spot/-gwk0","","","","",""
"C","遊園地","富士急ハイランド","山梨県","富士吉田市","https://kyounoko.jp/spot/-85p7","","","","",""
"C","遊園地","富士すばるランド","山梨県","富士河口湖町","https://kyounoko.jp/spot/-74su","","","","",""
"C","公園","各務原市民公園","岐阜県","各務原市","https://kyounoko.jp/spot/-59c0","","","","",""
"C","公園","河川環境楽園 オアシスパーク","岐阜県","各務原市","https://kyounoko.jp/spot/-qgh9","","","","",""
"C","公園","ぎふ清流里山公園","岐阜県","美濃加茂市","https://kyounoko.jp/spot/-80eg","","","","",""
"C","公園","岐阜県こどもの国","岐阜県","養老町","https://kyounoko.jp/spot/-2ufn","","","","",""
"C","公園","木曽三川公園センター","岐阜県","海津市","https://kyounoko.jp/spot/-ios9","","","","",""
"C","公園","岐阜ファミリーパーク","岐阜県","岐阜市","https://kyounoko.jp/spot/-gy1c","","","","",""
"C","公園","ぎふワールド・ローズガーデン","岐阜県","可児市","https://kyounoko.jp/spot/-539q","","","","",""
"C","公園","浦安総合公園","岡山県","岡山市南区","https://kyounoko.jp/spot/-s9bq","","","","",""
"C","公園","岡山県自然保護センター","岡山県","備前市","https://kyounoko.jp/spot/-lclu","","","","",""
"C","遊園地","おもちゃ王国（岡山）","岡山県","玉野市","https://kyounoko.jp/spot/-5hjc","","","","",""
"C","遊園地","ヒルゼン高原センター ジョイフルパーク","岡山県","真庭市","https://kyounoko.jp/spot/-atjq","","","","",""
"C","公園","県立御所湖広域公園","岩手県","盛岡市","https://kyounoko.jp/spot/-62v6","","","","",""
"C","遊園地","岩山パークランド","岩手県","盛岡市","https://kyounoko.jp/spot/-4y6d","","","","",""
"C","公園","アクアスランド","島根県","浜田市","https://kyounoko.jp/spot/-e18w","","","","",""
"C","公園","浜山公園","島根県","出雲市","https://kyounoko.jp/spot/-bz8m","","","","",""
"C","公園","島根県立しまね花の郷","島根県","出雲市","https://kyounoko.jp/spot/-7m75","","","","",""
"C","公園","備北丘陵公園","広島県","庄原市","https://kyounoko.jp/spot/-tgo2","","","","",""
"C","遊園地","みろくの里","広島県","福山市","https://kyounoko.jp/spot/-pv1r","","","","",""
"C","公園","徳島県立あすたむらんど","徳島県","板野町","https://kyounoko.jp/spot/-71h7","","","","",""
"C","公園","月見ヶ丘海浜公園","徳島県","板野郡松茂町","https://kyounoko.jp/spot/-g7l5","","","","",""
"C","公園","日峯大神子広域公園こども広場","徳島県","徳島市","https://kyounoko.jp/spot/-r2m0","","","","",""
"C","公園","板野町歴史文化公園","徳島県","板野郡板野町","https://kyounoko.jp/spot/-nwnk","","","","",""
"C","公園","鳴門ウチノ海総合公園","徳島県","鳴門市","https://kyounoko.jp/spot/-emji","","","","",""
"C","遊園地","とくしまファミリーランド","徳島県","徳島市","https://kyounoko.jp/spot/-i30k","","","","",""
"C","公園","えひめこどもの城","愛媛県","松山市","https://kyounoko.jp/spot/-zyfu","","","","",""
"C","公園","えひめ森林公園","愛媛県","伊予市","https://kyounoko.jp/spot/-15xs","","","","",""
"C","公園","松山総合公園","愛媛県","松山市","https://kyounoko.jp/spot/-vx5p","","","","",""
"C","公園","モリコロパーク","愛知県","長久手市","https://kyounoko.jp/spot/-3l0h","","","","",""
"C","公園","安城産業文化公園デンパーク","愛知県","安城市","https://kyounoko.jp/spot/-elkb","","","","",""
"C","公園","愛知こどもの国","愛知県","西尾市","https://kyounoko.jp/spot/-toxk","","","","",""
"C","遊園地","レゴランド・ジャパン","愛知県","名古屋市","https://kyounoko.jp/spot/-zkah","","","","",""
"C","遊園地","ジブリパーク","愛知県","長久手市","https://kyounoko.jp/spot/-vkp5","","","","",""
"C","公園","国営越後丘陵公園","新潟県","長岡市","https://kyounoko.jp/spot/-b5lt","","","","",""
"C","公園","いくとぴあ食花","新潟県","新潟市","https://kyounoko.jp/spot/-k28d","","","","",""
"C","公園","悠久山公園","新潟県","長岡市","https://kyounoko.jp/spot/-vk9z","","","","",""
"C","遊園地","サントピアワールド","新潟県","阿賀野市","https://kyounoko.jp/spot/-hqzv","","","","",""
"C","公園","井の頭恩賜公園","東京都","武蔵野市","https://kyounoko.jp/spot/-xb3c","","","","",""
"C","公園","砧公園","東京都","世田谷区","https://kyounoko.jp/spot/-wuua","","","","",""
"C","公園","駒沢オリンピック公園","東京都","世田谷区","https://kyounoko.jp/spot/-rl1c","","","","",""
"C","公園","小金井公園","東京都","小金井市","https://kyounoko.jp/spot/-pb7s","","","","",""
"C","公園","木場公園","東京都","江東区","https://kyounoko.jp/spot/-scx8","","","","",""
"C","公園","国営昭和記念公園","東京都","立川市","https://kyounoko.jp/spot/-l2px","","","","",""
"C","公園","石神井公園","東京都","練馬区","https://kyounoko.jp/spot/-wzls","","","","",""
"C","公園","野川公園","東京都","調布市","https://kyounoko.jp/spot/-qgvh","","","","",""
"C","公園","武蔵野公園","東京都","府中市","https://kyounoko.jp/spot/-y2nw","","","","",""
"C","公園","府中の森公園","東京都","府中市","https://kyounoko.jp/spot/-zk0u","","","","",""
"C","公園","武蔵国分寺公園","東京都","国分寺市","https://kyounoko.jp/spot/-lrrv","","","","",""
"C","公園","神代植物公園","東京都","調布市","https://kyounoko.jp/spot/-fpr3","","","","",""
"C","公園","林試の森公園","東京都","品川区","https://kyounoko.jp/spot/-zzf7","","","","",""
"C","公園","葛西臨海公園","東京都","江戸川区","https://kyounoko.jp/spot/-9fgj","","","","",""
"C","公園","浮間公園","東京都","板橋区","https://kyounoko.jp/spot/-6v9p","","","","",""
"C","公園","善福寺公園","東京都","杉並区","https://kyounoko.jp/spot/-imps","","","","",""
"C","公園","光が丘公園","東京都","練馬区","https://kyounoko.jp/spot/-p5xx","","","","",""
"C","公園","水元公園","東京都","葛飾区","https://kyounoko.jp/spot/-8e8q","","","","",""
"C","公園","舎人公園","東京都","足立区","https://kyounoko.jp/spot/-7dim","","","","",""
"C","公園","東京港野鳥公園","東京都","大田区","https://kyounoko.jp/spot/-phow","","","","",""
"C","公園","夢の島公園","東京都","江東区","https://kyounoko.jp/spot/-j37e","","","","",""
"C","公園","清澄庭園","東京都","江東区","https://kyounoko.jp/spot/-8qfa","","","","",""
"C","公園","小石川後楽園","東京都","文京区","https://kyounoko.jp/spot/-mma1","","","","",""
"C","公園","新宿御苑","東京都","新宿区","https://kyounoko.jp/spot/-zsp0","","","","",""
"C","公園","高尾山","東京都","八王子市","https://kyounoko.jp/spot/-pbaf","","","","",""
"C","公園","等々力渓谷","東京都","世田谷区","https://kyounoko.jp/spot/-dogk","","","","",""
"C","公園","お台場海浜公園","東京都","港区","https://kyounoko.jp/spot/-25jw","","","","",""
"C","公園","城南島海浜公園","東京都","大田区","https://kyounoko.jp/spot/-or13","","","","",""
"C","公園","昭和記念公園 こどもの森レインボーハンモック","東京都","立川市","https://kyounoko.jp/spot/-j3uv","","","","",""
"C","公園","東京競馬場（パドックひろば）","東京都","府中市","https://kyounoko.jp/spot/-huf2","","","","",""
"C","公園","上野恩賜公園","東京都","台東区","https://kyounoko.jp/spot/-r8ls","","","","",""
"C","公園","日比谷公園","東京都","千代田区","https://kyounoko.jp/spot/-mmzy","","","","",""
"C","公園","代々木公園","東京都","渋谷区","https://kyounoko.jp/spot/-r3xk","","","","",""
"C","公園","お台場 シンボルプロムナード公園","東京都","港区","https://kyounoko.jp/spot/-m11d","","","","",""
"C","公園","東京ドイツ村","東京都","袖ケ浦市","https://kyounoko.jp/spot/-j7ru","","","","",""
"C","公園","林試の森公園 じゃぶじゃぶ池","東京都","目黒区","https://kyounoko.jp/spot/-3aud","","","","",""
"C","公園","戸山公園 箱根山地区 じゃぶじゃぶ池","東京都","新宿区","https://kyounoko.jp/spot/-cxm1","","","","",""
"C","公園","上柚木公園 じゃぶじゃぶ池","東京都","八王子市","https://kyounoko.jp/spot/-upgm","","","","",""
"C","公園","清水池公園 じゃぶじゃぶ池","東京都","目黒区","https://kyounoko.jp/spot/-kb9h","","","","",""
"C","公園","檜町公園 じゃぶじゃぶ池","東京都","港区","https://kyounoko.jp/spot/-pdoz","","","","",""
"C","公園","駒沢オリンピック公園 ジャブジャブ池","東京都","世田谷区","https://kyounoko.jp/spot/-c8bk","","","","",""
"C","公園","和田堀公園 じゃぶじゃぶ池","東京都","杉並区","https://kyounoko.jp/spot/-ogb7","","","","",""
"C","公園","光が丘公園 水景施設","東京都","練馬区","https://kyounoko.jp/spot/-kmjw","","","","",""
"C","公園","平和の森公園 じゃぶじゃぶ池","東京都","大田区","https://kyounoko.jp/spot/-fpyu","","","","",""
"C","公園","新宿中央公園 ジャブジャブ池","東京都","新宿区","https://kyounoko.jp/spot/-i5cr","","","","",""
"C","公園","舎人公園 じゃぶじゃぶ池（浮球の池）","東京都","足立区","https://kyounoko.jp/spot/-irhu","","","","",""
"C","公園","武蔵野公園 じゃぶじゃぶ池","東京都","小金井市","https://kyounoko.jp/spot/-sjno","","","","",""
"C","公園","井の頭自然文化園 ジャブジャブ池","東京都","武蔵野市","https://kyounoko.jp/spot/-kdza","","","","",""
"C","公園","大横川親水公園 じゃぶじゃぶ池","東京都","墨田区","https://kyounoko.jp/spot/-0oi2","","","","",""
"C","公園","水元公園 水遊び場","東京都","葛飾区","https://kyounoko.jp/spot/-arrb","","","","",""
"C","公園","葛西海浜公園 西なぎさ","東京都","江戸川区","https://kyounoko.jp/spot/-9unv","","","","",""
"C","公園","上野恩賜公園 竹の台広場 噴水","東京都","台東区","https://kyounoko.jp/spot/-6iam","","","","",""
"C","公園","錦糸公園 噴水","東京都","墨田区","https://kyounoko.jp/spot/-4f5k","","","","",""
"C","公園","日暮里南公園 じゃぶじゃぶ池","東京都","荒川区","https://kyounoko.jp/spot/-x31f","","","","",""
"C","公園","烏山川緑道 じゃぶじゃぶ池","東京都","世田谷区","https://kyounoko.jp/spot/-6l5e","","","","",""
"C","遊園地","サンリオピューロランド","東京都","多摩市","https://kyounoko.jp/spot/-96gw","","","","",""
"C","遊園地","東京タワー","東京都","港区","https://kyounoko.jp/spot/-4ulo","","","","",""
"C","遊園地","東京スカイツリー展望デッキ","東京都","墨田区","https://kyounoko.jp/spot/-xur8","","","","",""
"C","遊園地","よみうりランド","東京都","稲城市","https://kyounoko.jp/spot/-3pd4","","","","",""
"C","公園","あしかがフラワーパーク","栃木県","足利市","https://kyounoko.jp/spot/-zfbo","","","","",""
"C","公園","みかも山公園","栃木県","栃木市","https://kyounoko.jp/spot/-w6el","","","","",""
"C","遊園地","那須ハイランドパーク","栃木県","那須町","https://kyounoko.jp/spot/-m6fd","","","","",""
"C","遊園地","ツインリンクもてぎ（モビリティリゾートもてぎ）","栃木県","もてぎ町","https://kyounoko.jp/spot/-2cwq","","","","",""
"C","遊園地","とちのきファミリーランド","栃木県","宇都宮市","https://kyounoko.jp/spot/-aern","","","","",""
"C","公園","海軍壕公園（ガジュマルラビリンス）","沖縄県","豊見城市","https://kyounoko.jp/spot/-p5aa","","","","",""
"C","遊園地","ナゴパイナップルパーク","沖縄県","名護市","https://kyounoko.jp/spot/-71to","","","","",""
"C","遊園地","おきなわワールド","沖縄県","南城市","https://kyounoko.jp/spot/-fmms","","","","",""
"C","公園","滋賀県立びわ湖こどもの国","滋賀県","高島市","https://kyounoko.jp/spot/-w3px","","","","",""
"C","公園","草津市立水生植物公園みずの森","滋賀県","草津市","https://kyounoko.jp/spot/-cwxx","","","","",""
"C","公園","ロクハ公園","滋賀県","草津市","https://kyounoko.jp/spot/-d6c1","","","","",""
"C","公園","滋賀県立陶芸の森","滋賀県","甲賀市","https://kyounoko.jp/spot/-4u9w","","","","",""
"C","公園","彦根城","滋賀県","彦根市","https://kyounoko.jp/spot/-pncw","","","","",""
"C","公園","坪井川公園（ひごっこジャングル）","熊本県","熊本市","https://kyounoko.jp/spot/-1gp1","","","","",""
"C","公園","岡岳公園","熊本県","熊本市","https://kyounoko.jp/spot/-w4jh","","","","",""
"C","公園","あそ☆ビバ","熊本県","阿蘇市","https://kyounoko.jp/spot/-hk0r","","","","",""
"C","公園","竜北公園","熊本県","氷川町","https://kyounoko.jp/spot/-t8m2","","","","",""
"C","公園","福連木子守唄公園","熊本県","天草市","https://kyounoko.jp/spot/-a2x1","","","","",""
"C","公園","阿蘇 元気の森","熊本県","阿蘇市","https://kyounoko.jp/spot/-9ouv","","","","",""
"C","遊園地","阿蘇ファームランド","熊本県","阿蘇郡南阿蘇村","https://kyounoko.jp/spot/-qavf","","","","",""
"C","公園","健民海浜公園","石川県","金沢市","https://kyounoko.jp/spot/-c6mb","","","","",""
"C","遊園地","手取フィッシュランド","石川県","能美市","https://kyounoko.jp/spot/-zeib","","","","",""
"C","公園","小田原こどもの森公園わんぱくらんど","神奈川県","小田原市","https://kyounoko.jp/spot/-45ei","","","","",""
"C","公園","こどもの国（横浜）","神奈川県","横浜市","https://kyounoko.jp/spot/-seao","","","","",""
"C","公園","辻堂海浜公園","神奈川県","藤沢市","https://kyounoko.jp/spot/-xmrt","","","","",""
"C","公園","生田緑地","神奈川県","川崎市","https://kyounoko.jp/spot/-ulqk","","","","",""
"C","公園","こどもの国 アクアシスパーク","神奈川県","横浜市","https://kyounoko.jp/spot/-vcc5","","","","",""
"C","公園","県立四季の森公園 じゃぶじゃぶ池","神奈川県","横浜市","https://kyounoko.jp/spot/-lryo","","","","",""
"C","遊園地","辻堂海浜公園 ジャンボプール","神奈川県","藤沢市","https://kyounoko.jp/spot/-yrt1","","","","",""
"C","公園","西山公園","福井県","鯖江市","https://kyounoko.jp/spot/-mr41","","","","",""
"C","公園","武生中央公園 だるまちゃん広場","福井県","越前市","https://kyounoko.jp/spot/-bo4a","","","","",""
"C","公園","トリムパークかなづ","福井県","あわら市","https://kyounoko.jp/spot/-04b2","","","","",""
"C","公園","海の中道海浜公園","福岡県","福岡市","https://kyounoko.jp/spot/-28b8","","","","",""
"C","公園","のこのしまアイランドパーク","福岡県","福岡市","https://kyounoko.jp/spot/-r0vv","","","","",""
"C","公園","響灘緑地（グリーンパーク）","福岡県","北九州市","https://kyounoko.jp/spot/-bfcu","","","","",""
"C","公園","諏訪公園","福岡県","大牟田市","https://kyounoko.jp/spot/-jfzf","","","","",""
"C","公園","安達ヶ原ふるさと村","福島県","二本松市","https://kyounoko.jp/spot/-g461","","","","",""
"C","公園","三春の里 田園生活館","福島県","三春町","https://kyounoko.jp/spot/-molp","","","","",""
"C","公園","鶴ヶ城（会津若松城）","福島県","会津若松市","https://kyounoko.jp/spot/-hj29","","","","",""
"C","遊園地","スパリゾートハワイアンズ","福島県","いわき市","https://kyounoko.jp/spot/-v5de","","","","",""
"C","公園","ポンポコ山公園","秋田県","八峰町","https://kyounoko.jp/spot/-wn58","","","","",""
"C","公園","秋田県立中央公園","秋田県","秋田市","https://kyounoko.jp/spot/-nx50","","","","",""
"C","公園","ぐんまこどもの国","群馬県","太田市","https://kyounoko.jp/spot/-x33s","","","","",""
"C","公園","華蔵寺公園","群馬県","伊勢崎市","https://kyounoko.jp/spot/-9hje","","","","",""
"C","遊園地","前橋市中央児童遊園 るなぱあく","群馬県","前橋市","https://kyounoko.jp/spot/-hl0f","","","","",""
"C","公園","国営ひたち海浜公園","茨城県","ひたちなか市","https://kyounoko.jp/spot/-kkom","","","","",""
"C","公園","茨城県フラワーパーク","茨城県","石岡市","https://kyounoko.jp/spot/-is1o","","","","",""
"C","公園","笠間芸術の森公園","茨城県","笠間市","https://kyounoko.jp/spot/-73ea","","","","",""
"C","遊園地","国営ひたち海浜公園 大観覧車","茨城県","ひたちなか市","https://kyounoko.jp/spot/-w4e1","","","","",""
"C","公園","長崎東公園","長崎県","長崎市","https://kyounoko.jp/spot/-sawc","","","","",""
"C","公園","あぐりの丘","長崎県","長崎市","https://kyounoko.jp/spot/-10j2","","","","",""
"C","公園","長崎県立総合運動公園","長崎県","諫早市","https://kyounoko.jp/spot/-z7u2","","","","",""
"C","公園","のぞみ公園","長崎県","諫早市","https://kyounoko.jp/spot/-ec0q","","","","",""
"C","遊園地","ハウステンボス","長崎県","佐世保市","https://kyounoko.jp/spot/-lupq","","","","",""
"C","公園","かざこし子どもの森公園","長野県","飯田市","https://kyounoko.jp/spot/-xwbb","","","","",""
"C","公園","佐久平ハイウェイオアシス パラダ","長野県","佐久市","https://kyounoko.jp/spot/-ugi7","","","","",""
"C","遊園地","軽井沢おもちゃ王国","長野県","嬬恋村※群馬側","https://kyounoko.jp/spot/-73dd","","","","",""
"C","遊園地","忍者の里 チビッ子忍者村","長野県","長野市","https://kyounoko.jp/spot/-1w5v","","","","",""
"C","公園","新青森県総合運動公園","青森県","青森市","https://kyounoko.jp/spot/-knl4","","","","",""
"C","公園","モヤヒルズ","青森県","青森市","https://kyounoko.jp/spot/-hfjo","","","","",""
"C","遊園地","八戸公園（こどもの国）","青森県","八戸市","https://kyounoko.jp/spot/-sbfl","","","","",""
"C","遊園地","ぐりんぱ（富士山2合目）","静岡県","裾野市","https://kyounoko.jp/spot/-fmyc","","","","",""
"C","遊園地","伊豆ぐらんぱる公園","静岡県","伊東市","https://kyounoko.jp/spot/-iey1","","","","",""
"C","公園","国営讃岐まんのう公園","香川県","仲多度郡まんのう町","https://kyounoko.jp/spot/-uyx5","","","","",""
"C","公園","さぬきこどもの国","香川県","高松市","https://kyounoko.jp/spot/-00g7","","","","",""
"C","公園","沙弥島","香川県","坂出市","https://kyounoko.jp/spot/-3uei","","","","",""
"C","公園","亀鶴公園","香川県","さぬき市","https://kyounoko.jp/spot/-h26s","","","","",""
"C","遊園地","NEWレオマワールド","香川県","丸亀市","https://kyounoko.jp/spot/NEW-njn9","","","","",""
"C","公園","秦山公園","高知県","香南市","https://kyounoko.jp/spot/-6bl7","","","","",""
"C","公園","比島交通公園","高知県","高知市","https://kyounoko.jp/spot/-wxgt","","","","",""
"C","公園","高知県立牧野植物園","高知県","高知市","https://kyounoko.jp/spot/-78e8","","","","",""
"C","公園","月見山こどもの森","高知県","芸西村","https://kyounoko.jp/spot/-ljmw","","","","",""
"C","公園","鳥取砂丘","鳥取県","鳥取市","https://kyounoko.jp/spot/-s4i5","","","","",""
"C","公園","鳥取砂丘こどもの国","鳥取県","鳥取市","https://kyounoko.jp/spot/-y29k","","","","",""
"C","公園","アイエム電子 鳥取砂丘こどもの国","鳥取県","鳥取市","https://kyounoko.jp/spot/-2ref","","","","",""
"C","公園","とっとり花回廊","鳥取県","南部町","https://kyounoko.jp/spot/-mjfg","","","","",""
"C","公園","米子水鳥公園","鳥取県","米子市","https://kyounoko.jp/spot/-njzm","","","","",""
"C","公園","鳥取県立 むきばんだ史跡公園","鳥取県","米子市","https://kyounoko.jp/spot/-tk6n","","","","",""
"C","公園","日南町オシドリ観察小屋","鳥取県","日南町","https://kyounoko.jp/spot/-yuft","","","","",""
"C","公園","道の駅 大栄 すいかの里","鳥取県","北栄町","https://kyounoko.jp/spot/-qvar","","","","",""
"C","公園","鹿児島県立吉野公園","鹿児島県","鹿児島市","https://kyounoko.jp/spot/-mdr8","","","","",""
"C","公園","鹿児島市中央公園","鹿児島県","鹿児島市","https://kyounoko.jp/spot/-61tv","","","","",""
"C","公園","鹿児島県立大隅広域公園","鹿児島県","鹿屋市","https://kyounoko.jp/spot/-2370","","","","",""
"C","公園","谷山第二中央公園","鹿児島県","鹿児島市","https://kyounoko.jp/spot/-pvx6","","","","",""
"C","遊園地","鹿児島ふれあいスポーツランド","鹿児島県","鹿児島市","https://kyounoko.jp/spot/-51de","","","","",""
