施設名,カテゴリ,都道府県,市区町村,最寄駅,対象年齢,予算,屋内外,URL
ジブリパーク,遊園地,愛知県,長久手市,,4-6,1000〜3000円,屋内外,https://kyounoko.jp/spot/-vkp5
モリコロパーク,公園,愛知県,長久手市,,2-3/4-6,無料,屋外,https://kyounoko.jp/spot/-3l0h
レゴランド・ジャパン,遊園地,愛知県,名古屋市,,2-3/4-6,3000円〜,屋内外,https://kyounoko.jp/spot/-zkah
愛知こどもの国,公園,愛知県,西尾市,,2-3/4-6,無料,屋外,https://kyounoko.jp/spot/-toxk
愛知県児童総合センター,屋内施設,愛知県,長久手市,,0-1/2-3/4-6,〜1000円,屋内,https://kyounoko.jp/spot/-8jqc
安城産業文化公園デンパーク,公園,愛知県,安城市,,0-1/2-3/4-6,〜1000円,屋内外,https://kyounoko.jp/spot/-elkb
東山動植物園,動物園,愛知県,名古屋市,,0-1/2-3/4-6,〜1000円,屋外,https://kyounoko.jp/spot/-nbu1
豊橋総合動植物公園 のんほいパーク,動物園,愛知県,豊橋市,,0-1/2-3/4-6,〜1000円,屋内外,https://kyounoko.jp/spot/-5ze0
名古屋港水族館,水族館,愛知県,名古屋市,,0-1/2-3/4-6,1000〜3000円,屋内,https://kyounoko.jp/spot/-0eq0
名古屋市科学館,博物館・科学館,愛知県,名古屋市,,2-3/4-6,〜1000円,屋内,https://kyounoko.jp/spot/-psij
えひめこどもの城,公園,愛媛県,松山市,,2-3/4-6,無料,屋内外,https://kyounoko.jp/spot/-zyfu
えひめ森林公園,公園,愛媛県,伊予市,,2-3/4-6,無料,屋外,https://kyounoko.jp/spot/-15xs
おさかな館,水族館,愛媛県,大洲市,,2-3/4-6,〜1000円,屋内,https://kyounoko.jp/spot/-ghnp
ザキッズ 松山三越店,屋内施設,愛媛県,松山市,,0-1/2-3/4-6,1000〜3000円,屋内,https://kyounoko.jp/spot/-t142
タオル美術館,博物館・科学館,愛媛県,今治市,,2-3/4-6,〜1000円,屋内,https://kyounoko.jp/spot/-p586
とべ動物園,動物園,愛媛県,砥部町,,2-3/4-6,〜1000円,屋外,https://kyounoko.jp/spot/-kg5y
トンデミ愛媛,屋内施設,愛媛県,伊予郡松前町,,4-6,1000〜3000円,屋内,https://kyounoko.jp/spot/-855v
愛媛県総合科学博物館,博物館・科学館,愛媛県,新居浜市,,2-3/4-6,1000〜3000円,屋内,https://kyounoko.jp/spot/-0z4q
愛媛県立とべ動物園,動物園,愛媛県,伊予郡砥部町,,0-1/2-3/4-6,〜1000円,屋外,https://kyounoko.jp/spot/-o0jk
松山総合公園,公園,愛媛県,松山市,,0-1/2-3/4-6,無料,屋外,https://kyounoko.jp/spot/-vx5p
鉄道歴史パーク in SAIJO,博物館・科学館,愛媛県,西条市,,2-3/4-6,無料,屋内外,https://kyounoko.jp/spot/in-SAIJO-9zv4
面河山岳博物館,博物館・科学館,愛媛県,久万高原町,,4-6,〜1000円,屋内,https://kyounoko.jp/spot/-dr19
JAXA筑波宇宙センター,博物館・科学館,茨城県,つくば市,,4-6,無料,屋内,https://kyounoko.jp/spot/JAXA-3t16
アクアワールド茨城県大洗水族館,水族館,茨城県,大洗町,,0-1/2-3/4-6,1000〜3000円,屋内,https://kyounoko.jp/spot/-9xdq
キッズユーエスランド 牛久店,屋内施設,茨城県,牛久市,,0-1/2-3/4-6,〜1000円,屋内,https://kyounoko.jp/spot/-wyl8
こもれび森のイバライド,牧場,茨城県,稲敷市,,0-1/2-3/4-6,1000〜3000円,屋内外,https://kyounoko.jp/spot/-gf2e
つくばエキスポセンター,博物館・科学館,茨城県,つくば市,,2-3/4-6,〜1000円,屋内,https://kyounoko.jp/spot/-nmlf
ミュージアムパーク茨城県自然博物館,博物館・科学館,茨城県,坂東市,,2-3/4-6,〜1000円,屋内外,https://kyounoko.jp/spot/-pecb
茨城県フラワーパーク,公園,茨城県,石岡市,,2-3/4-6,〜1000円,屋外,https://kyounoko.jp/spot/-is1o
笠間芸術の森公園,公園,茨城県,笠間市,,2-3/4-6,無料,屋外,https://kyounoko.jp/spot/-73ea
国営ひたち海浜公園,公園,茨城県,ひたちなか市,,2-3/4-6,〜1000円,屋外,https://kyounoko.jp/spot/-kkom
国営ひたち海浜公園 大観覧車,遊園地,茨城県,ひたちなか市,,0-1/2-3/4-6,〜1000円,屋外,https://kyounoko.jp/spot/-w4e1
大洗わくわく科学館,博物館・科学館,茨城県,大洗町,,2-3/4-6,〜1000円,屋内,https://kyounoko.jp/spot/-hze2
日立市かみね動物園,動物園,茨城県,日立市,,0-1/2-3/4-6,〜1000円,屋外,https://kyounoko.jp/spot/-k0re
おもちゃ王国（岡山）,遊園地,岡山県,玉野市,,0-1/2-3/4-6,1000〜3000円,屋内外,https://kyounoko.jp/spot/-5hjc
つやま自然のふしぎ館,博物館・科学館,岡山県,津山市,,4-6,〜1000円,屋内,https://kyounoko.jp/spot/-fsc5
ヒルゼン高原センター ジョイフルパーク,遊園地,岡山県,真庭市,,2-3/4-6,3000円〜,屋内外,https://kyounoko.jp/spot/-atjq
浦安総合公園,公園,岡山県,岡山市南区,,0-1/2-3/4-6,無料,屋外,https://kyounoko.jp/spot/-s9bq
岡山シティミュージアム,博物館・科学館,岡山県,岡山市,,4-6,〜1000円,屋内,https://kyounoko.jp/spot/-4ltr
岡山県自然保護センター,公園,岡山県,備前市,,2-3/4-6,無料,屋外,https://kyounoko.jp/spot/-lclu
笠岡市立カブトガニ博物館・恐竜公園,博物館・科学館,岡山県,笠岡市,,2-3/4-6,〜1000円,屋内外,https://kyounoko.jp/spot/-171s
渋川マリン水族館,水族館,岡山県,玉野市,,0-1/2-3/4-6,〜1000円,屋内,https://kyounoko.jp/spot/-qffw
渋川動物公園,動物園,岡山県,玉野市,,2-3/4-6,〜1000円,屋外,https://kyounoko.jp/spot/-2phk
倉敷科学センター,博物館・科学館,岡山県,倉敷市,,2-3/4-6,〜1000円,屋内,https://kyounoko.jp/spot/-arbp
池田動物園,動物園,岡山県,岡山市北区,,0-1/2-3/4-6,〜1000円,屋外,https://kyounoko.jp/spot/-igms
DMMかりゆし水族館,水族館,沖縄県,豊見城市,,2-3/4-6,1000〜3000円,屋内,https://kyounoko.jp/spot/DMM-q8sa
あそびパーク イオン具志川店,屋内施設,沖縄県,うるま市,,0-1/2-3/4-6,〜1000円,屋内,https://kyounoko.jp/spot/-nygw
おきなわワールド,遊園地,沖縄県,南城市,,2-3/4-6,1000〜3000円,屋内外,https://kyounoko.jp/spot/-fmms
ザキッズ 沖縄パレットくもじ店,屋内施設,沖縄県,那覇市,,0-1/2-3/4-6,〜1000円,屋内,https://kyounoko.jp/spot/-z802
ちきゅうのにわ イオンモール沖縄ライカム店,屋内施設,沖縄県,北中城村,,0-1/2-3/4-6,1000〜3000円,屋内,https://kyounoko.jp/spot/-ecyb
ナゴパイナップルパーク,遊園地,沖縄県,名護市,,0-1/2-3/4-6,〜1000円,屋内外,https://kyounoko.jp/spot/-71to
ネオパークオキナワ,動物園,沖縄県,名護市,,2-3/4-6,〜1000円,屋外,https://kyounoko.jp/spot/-6iuf
沖縄こどもの国,動物園,沖縄県,沖縄市,,0-1/2-3/4-6,〜1000円,屋内外,https://kyounoko.jp/spot/-r47n
沖縄美ら海水族館,水族館,沖縄県,本部町,,0-1/2-3/4-6,1000〜3000円,屋内,https://kyounoko.jp/spot/-gj65
海軍壕公園（ガジュマルラビリンス）,公園,沖縄県,豊見城市,,2-3/4-6,無料,屋外,https://kyounoko.jp/spot/-p5aa
釣って見つける ぼうけんの国 沖縄,屋内施設,沖縄県,うるま市,,2-3/4-6,〜1000円,屋内,https://kyounoko.jp/spot/-ne5x
花巻おもちゃ美術館,博物館・科学館,岩手県,花巻市,,0-1/2-3/4-6,〜1000円,屋内,https://kyounoko.jp/spot/-e82l
岩山パークランド,遊園地,岩手県,盛岡市,,2-3/4-6,〜1000円,屋外,https://kyounoko.jp/spot/-4y6d
岩手サファリパーク,動物園,岩手県,一関市,,2-3/4-6,1000〜3000円,屋内外,https://kyounoko.jp/spot/-rhz9
岩手県立児童館 いわて子どもの森,屋内施設,岩手県,一戸町,,0-1/2-3/4-6,無料,屋内,https://kyounoko.jp/spot/-k352
岩手県立児童館いわて子どもの森,屋内施設,岩手県,一戸町,,0-1/2-3/4-6,無料,屋内外,https://kyounoko.jp/spot/-xw6m
岩手県立美術館,博物館・科学館,岩手県,盛岡市,,4-6,〜1000円,屋内,https://kyounoko.jp/spot/-z5uy
県立御所湖広域公園,公園,岩手県,盛岡市,,0-1/2-3/4-6,無料,屋外,https://kyounoko.jp/spot/-62v6
小岩井農場,牧場,岩手県,雫石町,,0-1/2-3/4-6,1000〜3000円,屋外,https://kyounoko.jp/spot/-8o11
盛岡市子ども科学館,博物館・科学館,岩手県,盛岡市,,2-3/4-6,〜1000円,屋内,https://kyounoko.jp/spot/-r2ry
盛岡市動物公園 ZOOMO,動物園,岩手県,盛岡市,,2-3/4-6,〜1000円,屋外,https://kyounoko.jp/spot/ZOOMO-8ry2
盛岡市動物公園ZOOMO,動物園,岩手県,盛岡市,,2-3/4-6,〜1000円,屋外,https://kyounoko.jp/spot/ZOOMO-up3y
龍泉洞,季節体験,岩手県,岩泉町,,4-6,〜1000円,屋内外,https://kyounoko.jp/spot/-pe94
歴史公園えさし藤原の郷,博物館・科学館,岩手県,奥州市,,4-6,1000〜3000円,屋外,https://kyounoko.jp/spot/-03lr
ぎふワールド・ローズガーデン,公園,岐阜県,可児市,,0-1/2-3/4-6,〜1000円,屋内外,https://kyounoko.jp/spot/-539q
ぎふ清流里山公園,公園,岐阜県,美濃加茂市,,2-3/4-6,無料,屋外,https://kyounoko.jp/spot/-80eg
ピュアハートキッズランド大垣,屋内施設,岐阜県,大垣市,,0-1/2-3/4-6,〜1000円,屋内,https://kyounoko.jp/spot/-nysq
ひるがの高原 牧歌の里,牧場,岐阜県,郡上市,,0-1/2-3/4-6,1000〜3000円,屋外,https://kyounoko.jp/spot/-72s3
河川環境楽園 オアシスパーク,公園,岐阜県,各務原市,,0-1/2-3/4-6,無料,屋内外,https://kyounoko.jp/spot/-qgh9
各務原市民公園,公園,岐阜県,各務原市,,2-3/4-6,無料,屋外,https://kyounoko.jp/spot/-59c0
岐阜かかみがはら航空宇宙博物館,博物館・科学館,岐阜県,各務原市,,2-3/4-6,1000〜3000円,屋内,https://kyounoko.jp/spot/-d723
岐阜ファミリーパーク,公園,岐阜県,岐阜市,,2-3/4-6,無料,屋外,https://kyounoko.jp/spot/-gy1c
岐阜県こどもの国,公園,岐阜県,養老町,,0-1/2-3/4-6,無料,屋内外,https://kyounoko.jp/spot/-2ufn
世界淡水魚園水族館 アクア・トトぎふ,水族館,岐阜県,各務原市,,2-3/4-6,1000〜3000円,屋内,https://kyounoko.jp/spot/-yogo
木曽三川公園センター,公園,岐阜県,海津市,,0-1/2-3/4-6,無料,屋外,https://kyounoko.jp/spot/-ios9
ASOBI PARK,屋内施設,宮崎県,宮崎市,,0-1/2-3/4-6,〜1000円,屋内外,https://kyounoko.jp/spot/ASOBI-PARK-8dmp
キッズバウンス,屋内施設,宮崎県,宮崎市,,0-1/2-3,〜1000円,屋内,https://kyounoko.jp/spot/-ztoz
キッズランドUS南宮崎店,屋内施設,宮崎県,宮崎市,,0-1/2-3/4-6,〜1000円,屋内,https://kyounoko.jp/spot/US-1tbi
こどもーる,屋内施設,宮崎県,延岡市,,0-1/2-3/4-6,〜1000円,屋内,https://kyounoko.jp/spot/-kpdv
ヘルストピア延岡,遊園地,宮崎県,延岡市,,2-3/4-6,1000〜3000円,屋内外,https://kyounoko.jp/spot/-h815
観音池公園,公園,宮崎県,都城市,,2-3/4-6,無料,屋外,https://kyounoko.jp/spot/-xfbc
宮崎科学技術館,博物館・科学館,宮崎県,宮崎市,,2-3/4-6,〜1000円,屋内,https://kyounoko.jp/spot/-peul
宮崎市フェニックス自然動物園,動物園,宮崎県,宮崎市,,2-3/4-6,〜1000円,屋外,https://kyounoko.jp/spot/-zk9h
皇子原公園,公園,宮崎県,西諸県郡高原町,,2-3/4-6,無料,屋外,https://kyounoko.jp/spot/-uoa6
天ヶ城公園,公園,宮崎県,宮崎市,,2-3/4-6,無料,屋外,https://kyounoko.jp/spot/-ha7u
夢見が丘キッズパーク,屋内施設,宮崎県,都城市,,0-1/2-3/4-6,〜1000円,屋内外,https://kyounoko.jp/spot/-pppf
キッズワールド名取店,屋内施設,宮城県,名取市,,0-1/2-3/4-6,1000〜3000円,屋内,https://kyounoko.jp/spot/-a8xe
スリーエム仙台市科学館,博物館・科学館,宮城県,仙台市,,4-6,〜1000円,屋内,https://kyounoko.jp/spot/-qim4
海岸公園冒険広場,公園,宮城県,仙台市,,2-3/4-6,無料,屋外,https://kyounoko.jp/spot/-ylut
感性の森,屋内施設,宮城県,白石市,,0-1/2-3/4-6,1000〜3000円,屋内外,https://kyounoko.jp/spot/-5h8u
宮城蔵王キツネ村,動物園,宮城県,蔵王町,,2-3/4-6,〜1000円,屋外,https://kyounoko.jp/spot/-tohb
国営みちのく杜の湖畔公園,公園,宮城県,川崎町,,0-1/2-3/4-6,〜1000円,屋外,https://kyounoko.jp/spot/-e67p
仙台アンパンマンこどもミュージアム,屋内施設,宮城県,仙台市,,0-1/2-3,1000〜3000円,屋内,https://kyounoko.jp/spot/-4xd2
仙台うみの杜水族館,水族館,宮城県,仙台市,,0-1/2-3/4-6,1000〜3000円,屋内,https://kyounoko.jp/spot/-47ns
仙台市天文台,博物館・科学館,宮城県,仙台市,,2-3/4-6,〜1000円,屋内,https://kyounoko.jp/spot/-ypkk
蔵王ハートランド,牧場,宮城県,蔵王町,,2-3/4-6,無料,屋外,https://kyounoko.jp/spot/-53jc
八木山ベニーランド,遊園地,宮城県,仙台市,,2-3/4-6,1000〜3000円,屋外,https://kyounoko.jp/spot/-9mle
八木山動物公園 フジサキの杜,動物園,宮城県,仙台市,,2-3/4-6,〜1000円,屋外,https://kyounoko.jp/spot/-6abk
八木山動物公園フジサキの杜,動物園,宮城県,仙台市,,2-3/4-6,〜1000円,屋外,https://kyounoko.jp/spot/-jr8w
LOGOS LAND（ロゴスランド）,公園,京都府,城陽市,,2-3/4-6,〜1000円,屋外,https://kyounoko.jp/spot/LOGOS-LAND-7qwq
アクトパル宇治,公園,京都府,宇治市,,2-3/4-6,無料,屋外,https://kyounoko.jp/spot/-y923
けいはんな記念公園,公園,京都府,精華町,,2-3/4-6,〜1000円,屋外,https://kyounoko.jp/spot/-uylf
ピュアハートキッズランド伏見桃山,屋内施設,京都府,京都市伏見区,,0-1/2-3/4-6,〜1000円,屋内,https://kyounoko.jp/spot/-uc56
京都市動物園,動物園,京都府,京都市,,0-1/2-3/4-6,〜1000円,屋外,https://kyounoko.jp/spot/-81tu
京都水族館,水族館,京都府,京都市,,0-1/2-3/4-6,1000〜3000円,屋内,https://kyounoko.jp/spot/-pwa7
京都鉄道博物館,博物館・科学館,京都府,京都市,,2-3/4-6,1000〜3000円,屋内,https://kyounoko.jp/spot/-v9ua
京都府立 丹波自然運動公園,公園,京都府,京丹波町,,2-3/4-6,無料,屋外,https://kyounoko.jp/spot/-rzlw
京都府立植物園,公園,京都府,京都市左京区,,0-1/2-3/4-6,〜1000円,屋外,https://kyounoko.jp/spot/-zv9z
梅小路公園,公園,京都府,京都市,,0-1/2-3/4-6,無料,屋外,https://kyounoko.jp/spot/-slkw
宝が池公園 子どもの楽園,公園,京都府,京都市左京区,,0-1/2-3/4-6,無料,屋外,https://kyounoko.jp/spot/-bqrg
The Kids 熊本店,屋内施設,熊本県,熊本市,,0-1/2-3/4-6,〜1000円,屋内,https://kyounoko.jp/spot/The-Kids-qg6u
あそ☆ビバ,公園,熊本県,阿蘇市,,2-3/4-6,無料,屋外,https://kyounoko.jp/spot/-hk0r
キッズユーエスランド 熊本八代店,屋内施設,熊本県,八代市,,0-1/2-3/4-6,〜1000円,屋内,https://kyounoko.jp/spot/-9p34
ユウベルキッズランド熊本店,屋内施設,熊本県,熊本市,,0-1/2-3/4-6,〜1000円,屋内,https://kyounoko.jp/spot/-yfxx
阿蘇 元気の森,公園,熊本県,阿蘇市,,2-3/4-6,〜1000円,屋内外,https://kyounoko.jp/spot/-9ouv
阿蘇カドリー・ドミニオン,動物園,熊本県,阿蘇市,,2-3/4-6,1000〜3000円,屋外,https://kyounoko.jp/spot/-b0me
阿蘇ファームランド,遊園地,熊本県,阿蘇郡南阿蘇村,,2-3/4-6,1000〜3000円,屋内外,https://kyounoko.jp/spot/-qavf
岡岳公園,公園,熊本県,熊本市,,2-3/4-6,無料,屋外,https://kyounoko.jp/spot/-w4jh
熊本市動植物園,動物園,熊本県,熊本市,,2-3/4-6,〜1000円,屋外,https://kyounoko.jp/spot/-xeo4
坪井川公園（ひごっこジャングル）,公園,熊本県,熊本市,,2-3/4-6,無料,屋外,https://kyounoko.jp/spot/-1gp1
福連木子守唄公園,公園,熊本県,天草市,,2-3/4-6,無料,屋外,https://kyounoko.jp/spot/-a2x1
竜北公園,公園,熊本県,氷川町,,2-3/4-6,無料,屋外,https://kyounoko.jp/spot/-t8m2
ぐんまこどもの国,公園,群馬県,太田市,,2-3/4-6,無料,屋内外,https://kyounoko.jp/spot/-x33s
ぐんまこどもの国児童会館,屋内施設,群馬県,太田市,,0-1/2-3/4-6,無料,屋内外,https://kyounoko.jp/spot/-vrqj
こんにゃくパーク,博物館・科学館,群馬県,甘楽町,,2-3/4-6,無料,屋内,https://kyounoko.jp/spot/-8jhu
フレーベル館 Kinder Platz ガーデン前橋店,屋内施設,群馬県,前橋市,,0-1/2-3/4-6,〜1000円,屋内,https://kyounoko.jp/spot/Kinder-Platz-ysfc
伊香保おもちゃと人形 自動車博物館,博物館・科学館,群馬県,渋川市,,2-3/4-6,1000〜3000円,屋内,https://kyounoko.jp/spot/-dete
伊香保グリーン牧場,牧場,群馬県,渋川市,,0-1/2-3/4-6,1000〜3000円,屋外,https://kyounoko.jp/spot/-d8fs
華蔵寺公園,公園,群馬県,伊勢崎市,,0-1/2-3/4-6,無料,屋外,https://kyounoko.jp/spot/-9hje
群馬サファリパーク,動物園,群馬県,富岡市,,2-3/4-6,1000〜3000円,屋外,https://kyounoko.jp/spot/-l338
群馬県立 ぐんま昆虫の森,博物館・科学館,群馬県,桐生市,,2-3/4-6,〜1000円,屋内外,https://kyounoko.jp/spot/-9cgq
神津牧場,牧場,群馬県,下仁田町,,2-3/4-6,〜1000円,屋外,https://kyounoko.jp/spot/-pjwg
前橋市中央児童遊園 るなぱあく,遊園地,群馬県,前橋市,,0-1/2-3/4-6,〜1000円,屋外,https://kyounoko.jp/spot/-hl0f
草津温泉 湯畑周辺,季節体験,群馬県,草津町,,2-3/4-6,〜1000円,屋外,https://kyounoko.jp/spot/-4ulq
富岡製糸場,博物館・科学館,群馬県,富岡市,,4-6,〜1000円,屋内外,https://kyounoko.jp/spot/-d6el
さとうみ科学館,博物館・科学館,広島県,江田島市,,2-3/4-6,〜1000円,屋内,https://kyounoko.jp/spot/-tqn8
ヌマジ交通ミュージアム,博物館・科学館,広島県,広島市,,2-3/4-6,〜1000円,屋内,https://kyounoko.jp/spot/-l34t
ピュアハートキッズランド広島府中,屋内施設,広島県,安芸郡府中町,,0-1/2-3/4-6,1000〜3000円,屋内,https://kyounoko.jp/spot/-pcg8
マリホ水族館,水族館,広島県,広島市,,0-1/2-3/4-6,〜1000円,屋内,https://kyounoko.jp/spot/-ts1v
みやじマリン 宮島水族館,水族館,広島県,廿日市市,,0-1/2-3/4-6,〜1000円,屋内外,https://kyounoko.jp/spot/-rs53
みろくの里,遊園地,広島県,福山市,,2-3/4-6,1000〜3000円,屋外,https://kyounoko.jp/spot/-pv1r
安佐動物公園,動物園,広島県,広島市,,2-3/4-6,〜1000円,屋外,https://kyounoko.jp/spot/-dybe
広島市こども文化科学館,博物館・科学館,広島県,広島市,,2-3/4-6,無料,屋内,https://kyounoko.jp/spot/-0jhk
広島市安佐動物公園,動物園,広島県,広島市,,0-1/2-3/4-6,〜1000円,屋外,https://kyounoko.jp/spot/-pkun
広島市森林公園こんちゅう館,博物館・科学館,広島県,広島市,,2-3/4-6,〜1000円,屋内外,https://kyounoko.jp/spot/-ojgl
湯本豪一記念日本妖怪博物館 三次もののけミュージアム,博物館・科学館,広島県,三次市,,4-6,〜1000円,屋内,https://kyounoko.jp/spot/-8ojr
備北丘陵公園,公園,広島県,庄原市,,0-1/2-3/4-6,〜1000円,屋外,https://kyounoko.jp/spot/-tgo2
福山市立動物園,動物園,広島県,福山市,,0-1/2-3/4-6,無料,屋外,https://kyounoko.jp/spot/-9dtx
BOAT KIDS PARK Mooovi まるがめ,屋内施設,香川県,丸亀市,,0-1/2-3/4-6,無料,屋内,https://kyounoko.jp/spot/BOAT-KIDS-PARK-Mooovi-bht6
NEWレオマワールド,遊園地,香川県,丸亀市,,2-3/4-6,1000〜3000円,屋外,https://kyounoko.jp/spot/NEW-njn9
さぬきこどもの国,公園,香川県,高松市,,0-1/2-3/4-6,無料,屋内外,https://kyounoko.jp/spot/-00g7
しろとり動物園,動物園,香川県,東かがわ市,,2-3/4-6,1000〜3000円,屋外,https://kyounoko.jp/spot/-hswd
亀鶴公園,公園,香川県,さぬき市,,0-1/2-3/4-6,無料,屋外,https://kyounoko.jp/spot/-h26s
香川県立ミュージアム,博物館・科学館,香川県,高松市,,4-6,〜1000円,屋内,https://kyounoko.jp/spot/-5lr9
高松市こども未来館,博物館・科学館,香川県,高松市,,2-3/4-6,〜1000円,屋内,https://kyounoko.jp/spot/-76h1
国営讃岐まんのう公園,公園,香川県,仲多度郡まんのう町,,0-1/2-3/4-6,〜1000円,屋外,https://kyounoko.jp/spot/-uyx5
沙弥島,公園,香川県,坂出市,,2-3/4-6,無料,屋外,https://kyounoko.jp/spot/-3uei
讃岐おもちゃ美術館,屋内施設,香川県,高松市,,0-1/2-3/4-6,〜1000円,屋内,https://kyounoko.jp/spot/-mopy
四国水族館,水族館,香川県,宇多津町,,0-1/2-3/4-6,1000〜3000円,屋内,https://kyounoko.jp/spot/-tsrf
のいち動物公園,動物園,高知県,香南市,,2-3/4-6,〜1000円,屋外,https://kyounoko.jp/spot/-wmsv
わんぱーくこうち,動物園,高知県,高知市,,0-1/2-3/4-6,無料,屋外,https://kyounoko.jp/spot/-y2ar
桂浜水族館,水族館,高知県,高知市,,2-3/4-6,〜1000円,屋内,https://kyounoko.jp/spot/-j0b4
月見山こどもの森,公園,高知県,芸西村,,2-3/4-6,無料,屋外,https://kyounoko.jp/spot/-ljmw
香美市立やなせたかし記念館 アンパンマンミュージアム,博物館・科学館,高知県,香美市,,0-1/2-3/4-6,1000〜3000円,屋内,https://kyounoko.jp/spot/-zlxa
高知みらい科学館,博物館・科学館,高知県,高知市,,2-3/4-6,無料,屋内,https://kyounoko.jp/spot/-187v
高知県立牧野植物園,公園,高知県,高知市,,2-3/4-6,〜1000円,屋内外,https://kyounoko.jp/spot/-78e8
佐川おもちゃ美術館,屋内施設,高知県,高岡郡佐川町,,0-1/2-3/4-6,〜1000円,屋内,https://kyounoko.jp/spot/-7ej3
秦山公園,公園,高知県,香南市,,0-1/2-3/4-6,無料,屋外,https://kyounoko.jp/spot/-6bl7
創造広場アクトランド,博物館・科学館,高知県,香南市,,2-3/4-6,無料,屋内外,https://kyounoko.jp/spot/-nvhg
比島交通公園,公園,高知県,高知市,,2-3/4-6,無料,屋外,https://kyounoko.jp/spot/-wxgt
BOAT KIDS PARK Moooviからつ,屋内施設,佐賀県,唐津市,,0-1/2-3/4-6,〜1000円,屋内,https://kyounoko.jp/spot/BOAT-KIDS-PARK-Mooovi-8wst
あそびパーク モラージュ佐賀店,屋内施設,佐賀県,佐賀市,,0-1/2-3/4-6,〜1000円,屋内,https://kyounoko.jp/spot/-t8xn
キッズユーエスランド 佐賀大和店,屋内施設,佐賀県,佐賀市,,2-3/4-6,〜1000円,屋内,https://kyounoko.jp/spot/-nl28
メリッタKid's TAKEO,屋内施設,佐賀県,武雄市,,0-1/2-3/4-6,〜1000円,屋内,https://kyounoko.jp/spot/Kid's-TAKEO-uipj
吉野ヶ里歴史公園,公園,佐賀県,神埼市,,2-3/4-6,〜1000円,屋内外,https://kyounoko.jp/spot/-d7tx
佐賀県立宇宙科学館,博物館・科学館,佐賀県,武雄市,,2-3/4-6,〜1000円,屋内,https://kyounoko.jp/spot/-ho86
佐賀県立宇宙科学館「ゆめぎんが」,博物館・科学館,佐賀県,武雄市,,2-3/4-6,〜1000円,屋内,https://kyounoko.jp/spot/-3ert
森とリスの遊園地 メルヘン村,遊園地,佐賀県,武雄市,,0-1/2-3/4-6,1000〜3000円,屋内外,https://kyounoko.jp/spot/-ww0b
神野公園こども遊園地,遊園地,佐賀県,佐賀市,,2-3/4-6,〜1000円,屋外,https://kyounoko.jp/spot/-rox0
道の駅うれしの まるく,公園,佐賀県,嬉野市,,0-1/2-3/4-6,無料,屋内外,https://kyounoko.jp/spot/-vx4a
NACK5スタジアム大宮・大宮公園,公園,埼玉県,さいたま市,,2-3/4-6,無料,屋外,https://kyounoko.jp/spot/NACK5-uby5
コクーンシティ（さいたま新都心）,屋内施設,埼玉県,さいたま市,,0-1/2-3/4-6,〜1000円,屋内,https://kyounoko.jp/spot/-k5af
トーベ・ヤンソンあけぼの子どもの森公園,公園,埼玉県,飯能市,,2-3/4-6,無料,屋外,https://kyounoko.jp/spot/-tbkb
ムーミンバレーパーク,遊園地,埼玉県,飯能市,,2-3/4-6,1000〜3000円,屋外,https://kyounoko.jp/spot/-kses
むさしの村,遊園地,埼玉県,加須市,,0-1/2-3/4-6,1000〜3000円,屋外,https://kyounoko.jp/spot/-kbr7
ららぽーと富士見,屋内施設,埼玉県,富士見市,,0-1/2-3/4-6,〜1000円,屋内,https://kyounoko.jp/spot/-dz3l
埼玉県こども動物自然公園,動物園,埼玉県,東松山市,,0-1/2-3/4-6,〜1000円,屋外,https://kyounoko.jp/spot/-vinb
所沢航空記念公園 むさしの川,公園,埼玉県,所沢市,,0-1/2-3/4-6,無料,屋外,https://kyounoko.jp/spot/-sv6y
所沢航空発祥記念館,博物館・科学館,埼玉県,所沢市,,2-3/4-6,〜1000円,屋内,https://kyounoko.jp/spot/-mgtu
水とやすらぎの広場（大宮配水場内）,公園,埼玉県,さいたま市,,2-3/4-6,無料,屋外,https://kyounoko.jp/spot/-4oa1
川越まつり会館＆菓子屋横丁,季節体験,埼玉県,川越市,,2-3/4-6,〜1000円,屋外,https://kyounoko.jp/spot/-aual
川越鉄道公園 西武園ゆうえんち,遊園地,埼玉県,所沢市,,2-3/4-6,1000〜3000円,屋外,https://kyounoko.jp/spot/-v93h
大宮花の丘農林公苑 親水広場,公園,埼玉県,さいたま市,,0-1/2-3/4-6,無料,屋外,https://kyounoko.jp/spot/-vzw5
鉄道博物館,博物館・科学館,埼玉県,さいたま市,,2-3/4-6,1000〜3000円,屋内,https://kyounoko.jp/spot/-qgf2
東武動物公園,動物園,埼玉県,宮代町,,2-3/4-6,1000〜3000円,屋外,https://kyounoko.jp/spot/-fkqw
武蔵丘陵森林公園,公園,埼玉県,滑川町,,2-3/4-6,〜1000円,屋外,https://kyounoko.jp/spot/-kfbn
おやつタウン,遊園地,三重県,津市,,2-3/4-6,1000〜3000円,屋内,https://kyounoko.jp/spot/-0z6s
そらんぽ四日市（四日市市立博物館・プラネタリウム）,博物館・科学館,三重県,四日市市,,2-3/4-6,〜1000円,屋内,https://kyounoko.jp/spot/-nz9l
ナガシマスパーランド,遊園地,三重県,桑名市,,2-3/4-6,3000円〜,屋外,https://kyounoko.jp/spot/-bvsv
ミキモト真珠島,博物館・科学館,三重県,鳥羽市,,4-6,1000〜3000円,屋内外,https://kyounoko.jp/spot/-lqbo
ラウンドワンスタジアム みえ・川越IC店,屋内施設,三重県,川越町,,2-3/4-6,1000〜3000円,屋内,https://kyounoko.jp/spot/IC-z8qf
伊勢シーパラダイス,水族館,三重県,伊勢市,,0-1/2-3/4-6,〜1000円,屋内外,https://kyounoko.jp/spot/-vibp
三重県総合博物館 MieMu,博物館・科学館,三重県,津市,,0-1/2-3/4-6,無料,屋内,https://kyounoko.jp/spot/MieMu-voub
志摩スペイン村,遊園地,三重県,志摩市,,2-3/4-6,3000円〜,屋内外,https://kyounoko.jp/spot/-5lrk
鳥羽水族館,水族館,三重県,鳥羽市,,0-1/2-3/4-6,1000〜3000円,屋内,https://kyounoko.jp/spot/-nz74
名古屋アンパンマンこどもミュージアム＆パーク,遊園地,三重県,桑名市,,0-1/2-3/4-6,1000〜3000円,屋内外,https://kyounoko.jp/spot/-pxkl
鈴鹿サーキット,遊園地,三重県,鈴鹿市,,0-1/2-3/4-6,1000〜3000円,屋内外,https://kyounoko.jp/spot/-whrs
ザ・キッズ 山形イオンモール三川店,屋内施設,山形県,三川町,,0-1/2-3/4-6,1000〜3000円,屋内,https://kyounoko.jp/spot/-ezxe
べにっこひろば,屋内施設,山形県,山形市,,0-1/2-3/4-6,無料,屋内外,https://kyounoko.jp/spot/-3pov
ホースガーデンむらやま,牧場,山形県,村山市,,2-3/4-6,1000〜3000円,屋内外,https://kyounoko.jp/spot/-ezac
やまぎん県民ホール（やまぎんこども館）,屋内施設,山形県,山形市,,0-1/2-3,〜1000円,屋内,https://kyounoko.jp/spot/-ih6m
リナワールド,遊園地,山形県,上山市,,2-3/4-6,1000〜3000円,屋外,https://kyounoko.jp/spot/-d7nh
加茂水族館,水族館,山形県,鶴岡市,,0-1/2-3/4-6,〜1000円,屋内,https://kyounoko.jp/spot/-65lh
月山あさひサンチュアパーク,公園,山形県,鶴岡市,,4-6,〜1000円,屋外,https://kyounoko.jp/spot/-kbvq
西蔵王公園,公園,山形県,山形市,,2-3/4-6,無料,屋外,https://kyounoko.jp/spot/-pmw9
蔵王温泉,季節体験,山形県,山形市,,2-3/4-6,1000〜3000円,屋外,https://kyounoko.jp/spot/-tvss
鶴岡市立加茂水族館,水族館,山形県,鶴岡市,,0-1/2-3/4-6,1000〜3000円,屋内,https://kyounoko.jp/spot/-u52t
天童市子育て未来館 げんキッズ,屋内施設,山形県,天童市,,0-1/2-3/4-6,無料,屋内,https://kyounoko.jp/spot/-biv7
キッズランドUS フジグラン山口店,屋内施設,山口県,山口市,,0-1/2-3/4-6,1000〜3000円,屋内,https://kyounoko.jp/spot/US-gaih
ときわ動物園,動物園,山口県,宇部市,,0-1/2-3/4-6,〜1000円,屋外,https://kyounoko.jp/spot/-7h23
ふくふくこども館,屋内施設,山口県,下関市,,0-1/2-3/4-6,無料,屋内,https://kyounoko.jp/spot/-6h41
愛宕山ふくろう公園,公園,山口県,岩国市,,2-3/4-6,無料,屋外,https://kyounoko.jp/spot/-gwg0
下関市立しものせき水族館 海響館,水族館,山口県,下関市,,0-1/2-3/4-6,1000〜3000円,屋内,https://kyounoko.jp/spot/-l847
海響館（下関市立しものせき水族館）,水族館,山口県,下関市,,0-1/2-3/4-6,1000〜3000円,屋内,https://kyounoko.jp/spot/-1qq5
吉香公園,公園,山口県,岩国市,,0-1/2-3/4-6,無料,屋外,https://kyounoko.jp/spot/-8j4a
山口県立山口博物館,博物館・科学館,山口県,山口市,,4-6,〜1000円,屋内,https://kyounoko.jp/spot/-4u60
秋吉台サファリランド,動物園,山口県,美祢市,,2-3/4-6,1000〜3000円,屋外,https://kyounoko.jp/spot/-qoew
秋吉台自然動物公園サファリランド,動物園,山口県,美祢市,,2-3/4-6,1000〜3000円,屋内外,https://kyounoko.jp/spot/-ls3y
大平山山頂公園,公園,山口県,防府市,,2-3/4-6,無料,屋外,https://kyounoko.jp/spot/-zesq
長門おもちゃ美術館,屋内施設,山口県,長門市,,0-1/2-3/4-6,〜1000円,屋内,https://kyounoko.jp/spot/-2ucl
防府市青少年科学館ソラール,博物館・科学館,山口県,防府市,,2-3/4-6,〜1000円,屋内,https://kyounoko.jp/spot/-9vqj
ハイジの村,公園,山梨県,北杜市,,2-3/4-6,1000〜3000円,屋内外,https://kyounoko.jp/spot/-gwk0
ふじさんのぬく森キポキポ,屋内施設,山梨県,富士吉田市,,0-1/2-3/4-6,〜1000円,屋内,https://kyounoko.jp/spot/-pte3
愛宕山こどもの国,公園,山梨県,甲府市,,0-1/2-3/4-6,無料,屋外,https://kyounoko.jp/spot/-xe53
山梨県笛吹川フルーツ公園,公園,山梨県,山梨市,,0-1/2-3/4-6,無料,屋内外,https://kyounoko.jp/spot/-wnyk
山梨県立リニア見学センター,博物館・科学館,山梨県,都留市,,2-3/4-6,〜1000円,屋内,https://kyounoko.jp/spot/-a39q
山梨県立科学館,博物館・科学館,山梨県,甲府市,,2-3/4-6,〜1000円,屋内,https://kyounoko.jp/spot/-lvdu
山梨県立考古博物館,博物館・科学館,山梨県,甲府市,,4-6,〜1000円,屋内,https://kyounoko.jp/spot/-67jb
山梨県立富士湧水の里水族館,水族館,山梨県,忍野村,,2-3/4-6,〜1000円,屋内,https://kyounoko.jp/spot/-0ayy
清泉寮ジャージー牧場,牧場,山梨県,北杜市,,0-1/2-3/4-6,〜1000円,屋内外,https://kyounoko.jp/spot/-g7yo
曽根丘陵公園,公園,山梨県,甲府市,,2-3/4-6,無料,屋外,https://kyounoko.jp/spot/-bn8u
富士すばるランド,遊園地,山梨県,富士河口湖町,,2-3/4-6,1000〜3000円,屋内外,https://kyounoko.jp/spot/-74su
富士急ハイランド,遊園地,山梨県,富士吉田市,,4-6,3000円〜,屋外,https://kyounoko.jp/spot/-85p7
ブルーメの丘,牧場,滋賀県,日野町,,2-3/4-6,〜1000円,屋外,https://kyounoko.jp/spot/-kp2f
ヤンマーミュージアム,博物館・科学館,滋賀県,長浜市,,2-3/4-6,〜1000円,屋内,https://kyounoko.jp/spot/-gzz0
ロクハ公園,公園,滋賀県,草津市,,0-1/2-3/4-6,無料,屋外,https://kyounoko.jp/spot/-d6c1
滋賀県立びわ湖こどもの国,公園,滋賀県,高島市,,0-1/2-3/4-6,無料,屋内外,https://kyounoko.jp/spot/-w3px
滋賀県立陶芸の森,公園,滋賀県,甲賀市,,2-3/4-6,無料,屋内外,https://kyounoko.jp/spot/-4u9w
滋賀県立琵琶湖博物館,博物館・科学館,滋賀県,草津市,,2-3/4-6,〜1000円,屋内,https://kyounoko.jp/spot/-tp00
滋賀農業公園ブルーメの丘,牧場,滋賀県,日野町,,0-1/2-3/4-6,1000〜3000円,屋外,https://kyounoko.jp/spot/-ttr7
水のめぐみ館 アクア琵琶,博物館・科学館,滋賀県,大津市,,2-3/4-6,無料,屋内,https://kyounoko.jp/spot/-7qgu
草津市立水生植物公園みずの森,公園,滋賀県,草津市,,2-3/4-6,〜1000円,屋内外,https://kyounoko.jp/spot/-cwxx
琵琶湖博物館,博物館・科学館,滋賀県,草津市,,2-3/4-6,〜1000円,屋内,https://kyounoko.jp/spot/-fwjg
彦根城,公園,滋賀県,彦根市,,4-6,〜1000円,屋内外,https://kyounoko.jp/spot/-pncw
いおワールドかごしま水族館,水族館,鹿児島県,鹿児島市,,0-1/2-3/4-6,1000〜3000円,屋内,https://kyounoko.jp/spot/-sh35
リトルプラネット イオンモールKAGOSHIMA BAY,屋内施設,鹿児島県,鹿児島市,,2-3/4-6,1000〜3000円,屋内,https://kyounoko.jp/spot/KAGOSHIMA-BAY-f8ac
鹿児島ふれあいスポーツランド,遊園地,鹿児島県,鹿児島市,,2-3/4-6,〜1000円,屋内外,https://kyounoko.jp/spot/-51de
鹿児島県立吉野公園,公園,鹿児島県,鹿児島市,,0-1/2-3/4-6,無料,屋外,https://kyounoko.jp/spot/-mdr8
鹿児島県立大隅広域公園,公園,鹿児島県,鹿屋市,,2-3/4-6,無料,屋外,https://kyounoko.jp/spot/-2370
鹿児島市中央公園,公園,鹿児島県,鹿児島市,,0-1/2-3/4-6,無料,屋外,https://kyounoko.jp/spot/-61tv
鹿児島市立科学館,博物館・科学館,鹿児島県,鹿児島市,,2-3/4-6,〜1000円,屋内,https://kyounoko.jp/spot/-z342
谷山第二中央公園,公園,鹿児島県,鹿児島市,,2-3/4-6,無料,屋外,https://kyounoko.jp/spot/-pvx6
知育玩具広場 そだて宇宿店,屋内施設,鹿児島県,鹿児島市,,0-1/2-3,〜1000円,屋内,https://kyounoko.jp/spot/-qqkl
平川動物公園,動物園,鹿児島県,鹿児島市,,2-3/4-6,〜1000円,屋外,https://kyounoko.jp/spot/-bkil
霧島市こども館 すかいぴあ,屋内施設,鹿児島県,霧島市,,0-1/2-3/4-6,〜1000円,屋内,https://kyounoko.jp/spot/-40z8
サイエンスパーク・能代市子ども館,博物館・科学館,秋田県,能代市,,2-3/4-6,無料,屋内,https://kyounoko.jp/spot/-0kad
なまはげ館,博物館・科学館,秋田県,男鹿市,,4-6,〜1000円,屋内,https://kyounoko.jp/spot/-5w8v
ポンポコ山公園,公園,秋田県,八峰町,,0-1/2-3/4-6,無料,屋内外,https://kyounoko.jp/spot/-wn58
ワンダーキャッスル,屋内施設,秋田県,由利本荘市,,2-3/4-6,1000〜3000円,屋内,https://kyounoko.jp/spot/-rvwx
秋田県児童会館 みらいあ,屋内施設,秋田県,秋田市,,0-1/2-3/4-6,無料,屋内,https://kyounoko.jp/spot/-oemp
秋田県立中央公園,公園,秋田県,秋田市,,2-3/4-6,無料,屋外,https://kyounoko.jp/spot/-nx50
秋田県立博物館,博物館・科学館,秋田県,秋田市,,4-6,無料,屋内,https://kyounoko.jp/spot/-ob9i
秋田市大森山動物園,動物園,秋田県,秋田市,,2-3/4-6,〜1000円,屋外,https://kyounoko.jp/spot/-opge
秋田市大森山動物園ミルヴェ,動物園,秋田県,秋田市,,2-3/4-6,〜1000円,屋外,https://kyounoko.jp/spot/-kmyp
男鹿水族館 GAO,水族館,秋田県,男鹿市,,0-1/2-3/4-6,1000〜3000円,屋内,https://kyounoko.jp/spot/GAO-owbc
男鹿水族館GAO,水族館,秋田県,男鹿市,,0-1/2-3/4-6,1000〜3000円,屋内,https://kyounoko.jp/spot/GAO-wc8y
鳥海山 木のおもちゃ館,屋内施設,秋田県,由利本荘市,,0-1/2-3/4-6,〜1000円,屋内,https://kyounoko.jp/spot/-c01l
能代エナジアムパーク,博物館・科学館,秋田県,能代市,,2-3/4-6,無料,屋内外,https://kyounoko.jp/spot/-0h6i
Jump862,屋内施設,新潟県,新発田市,,4-6,1000〜3000円,屋内,https://kyounoko.jp/spot/Jump862-vfev
いくとぴあ食花,公園,新潟県,新潟市,,0-1/2-3/4-6,無料,屋内外,https://kyounoko.jp/spot/-k28d
こども創造センター,屋内施設,新潟県,新潟市,,0-1/2-3/4-6,無料,屋内,https://kyounoko.jp/spot/-zr6s
ザ・キッズ 新潟イオン白根店,屋内施設,新潟県,新潟市,,0-1/2-3/4-6,1000〜3000円,屋内,https://kyounoko.jp/spot/-pxx8
サントピアワールド,遊園地,新潟県,阿賀野市,,2-3/4-6,1000〜3000円,屋外,https://kyounoko.jp/spot/-hqzv
マリンピア日本海,水族館,新潟県,新潟市,,0-1/2-3/4-6,〜1000円,屋内,https://kyounoko.jp/spot/-vrzb
国営越後丘陵公園,公園,新潟県,長岡市,,0-1/2-3/4-6,〜1000円,屋外,https://kyounoko.jp/spot/-b5lt
上越科学館,博物館・科学館,新潟県,上越市,,2-3/4-6,〜1000円,屋内,https://kyounoko.jp/spot/-ltn2
上越市立水族博物館 うみがたり,水族館,新潟県,上越市,,0-1/2-3/4-6,1000〜3000円,屋内外,https://kyounoko.jp/spot/-yhke
新潟県立自然科学館,博物館・科学館,新潟県,新潟市,,2-3/4-6,〜1000円,屋内,https://kyounoko.jp/spot/-ogh5
新潟市水族館 マリンピア日本海,水族館,新潟県,新潟市,,0-1/2-3/4-6,1000〜3000円,屋内外,https://kyounoko.jp/spot/-m5zj
長岡市寺泊水族博物館,水族館,新潟県,長岡市,,0-1/2-3/4-6,〜1000円,屋内,https://kyounoko.jp/spot/-p1vd
悠久山公園,公園,新潟県,長岡市,,2-3/4-6,無料,屋外,https://kyounoko.jp/spot/-vk9z
MARK IS みなとみらい,屋内施設,神奈川県,横浜市,minato-mirai,0-1/2-3/4-6,〜1000円,屋内,https://kyounoko.jp/spot/MARK-IS-3lb7
カップヌードルミュージアム横浜,博物館・科学館,神奈川県,横浜市,minato-mirai,2-3/4-6,〜1000円,屋内,https://kyounoko.jp/spot/-0dnc
グランツリー武蔵小杉,屋内施設,神奈川県,川崎市,musashi-kosugi,0-1/2-3/4-6,〜1000円,屋内,https://kyounoko.jp/spot/-wyvr
こどもの国 アクアシスパーク,公園,神奈川県,横浜市,,0-1/2-3/4-6,〜1000円,屋外,https://kyounoko.jp/spot/-vcc5
こどもの国（横浜）,公園,神奈川県,横浜市,,2-3/4-6,〜1000円,屋外,https://kyounoko.jp/spot/-seao
コレットマーレ桜木町,屋内施設,神奈川県,横浜市,sakuragicho,0-1/2-3/4-6,〜1000円,屋内,https://kyounoko.jp/spot/-fl27
シルク博物館,博物館・科学館,神奈川県,横浜市,kannai,4-6,〜1000円,屋内,https://kyounoko.jp/spot/-yp1b
テラスモール湘南,屋内施設,神奈川県,藤沢市,,0-1/2-3/4-6,〜1000円,屋内,https://kyounoko.jp/spot/-5a8h
はまぎん こども宇宙科学館,博物館・科学館,神奈川県,横浜市,,2-3/4-6,〜1000円,屋内,https://kyounoko.jp/spot/-v5mu
みなとみらい東急スクエア,屋内施設,神奈川県,横浜市,minato-mirai,0-1/2-3/4-6,〜1000円,屋内,https://kyounoko.jp/spot/-yfz8
よこはま動物園ズーラシア,動物園,神奈川県,横浜市,,2-3/4-6,〜1000円,屋外,https://kyounoko.jp/spot/-0q1d
横浜・八景島シーパラダイス,水族館,神奈川県,横浜市,,2-3/4-6,3000円〜,屋内外,https://kyounoko.jp/spot/-n9uc
横浜アンパンマンこどもミュージアム,屋内施設,神奈川県,横浜市,minato-mirai,0-1/2-3,1000〜3000円,屋内,https://kyounoko.jp/spot/-3lg7
横浜ベイクォーター,屋内施設,神奈川県,横浜市,yokohama,0-1/2-3/4-6,〜1000円,屋内,https://kyounoko.jp/spot/-xj09
県立四季の森公園 じゃぶじゃぶ池,公園,神奈川県,横浜市,,0-1/2-3/4-6,無料,屋外,https://kyounoko.jp/spot/-lryo
原鉄道模型博物館,博物館・科学館,神奈川県,横浜市,yokohama,2-3/4-6,1000〜3000円,屋内,https://kyounoko.jp/spot/-im0s
江ノ島水族館前ビーチ・片瀬東浜,季節体験,神奈川県,藤沢市,,2-3/4-6,無料,屋外,https://kyounoko.jp/spot/-ihyr
小田原こどもの森公園わんぱくらんど,公園,神奈川県,小田原市,,2-3/4-6,無料,屋外,https://kyounoko.jp/spot/-45ei
湘南台文化センターこども館,博物館・科学館,神奈川県,藤沢市,,2-3/4-6,〜1000円,屋内,https://kyounoko.jp/spot/-vp4m
新江ノ島水族館,水族館,神奈川県,藤沢市,,0-1/2-3/4-6,1000〜3000円,屋内,https://kyounoko.jp/spot/-83v5
神奈川県立 生命の星・地球博物館,博物館・科学館,神奈川県,小田原市,,4-6,〜1000円,屋内,https://kyounoko.jp/spot/-zb2v
生田緑地,公園,神奈川県,川崎市,noborito,2-3/4-6,〜1000円,屋外,https://kyounoko.jp/spot/-ulqk
川崎市 藤子・F・不二雄ミュージアム,博物館・科学館,神奈川県,川崎市,noborito,2-3/4-6,1000〜3000円,屋内外,https://kyounoko.jp/spot/F-414c
辻堂海浜公園,公園,神奈川県,藤沢市,,2-3/4-6,〜1000円,屋外,https://kyounoko.jp/spot/-xmrt
辻堂海浜公園 ジャンボプール,遊園地,神奈川県,藤沢市,,2-3/4-6,〜1000円,屋外,https://kyounoko.jp/spot/-yrt1
箱根彫刻の森美術館,博物館・科学館,神奈川県,箱根町,,2-3/4-6,1000〜3000円,屋外,https://kyounoko.jp/spot/-oib6
箱根湯本駅前 旧街道周辺,季節体験,神奈川県,箱根町,,2-3/4-6,1000〜3000円,屋外,https://kyounoko.jp/spot/-qopl
The Kids（ザ・キッズ）,屋内施設,青森県,青森市,,0-1/2-3/4-6,〜1000円,屋内,https://kyounoko.jp/spot/The-Kids-gt8b
カクヒログループスーパーアリーナ キッズルーム,屋内施設,青森県,青森市,,0-1/2-3/4-6,〜1000円,屋内,https://kyounoko.jp/spot/-cc9z
こどもはっち,屋内施設,青森県,八戸市,,0-1/2-3,無料,屋内,https://kyounoko.jp/spot/-hfox
ねぶたの家 ワ・ラッセ,博物館・科学館,青森県,青森市,,2-3/4-6,〜1000円,屋内,https://kyounoko.jp/spot/-55hk
モヤヒルズ,公園,青森県,青森市,,2-3/4-6,無料,屋外,https://kyounoko.jp/spot/-hfjo
新青森県総合運動公園,公園,青森県,青森市,,0-1/2-3/4-6,無料,屋外,https://kyounoko.jp/spot/-knl4
青森県観光物産館アスパム,博物館・科学館,青森県,青森市,,2-3/4-6,〜1000円,屋内,https://kyounoko.jp/spot/-n3ir
青森県立三沢航空科学館,博物館・科学館,青森県,三沢市,,2-3/4-6,〜1000円,屋内外,https://kyounoko.jp/spot/-emav
浅虫水族館,水族館,青森県,青森市,,0-1/2-3/4-6,〜1000円,屋内,https://kyounoko.jp/spot/-o4ws
八戸公園（こどもの国）,遊園地,青森県,八戸市,,2-3/4-6,無料,屋外,https://kyounoko.jp/spot/-sbfl
八食センター,屋内施設,青森県,八戸市,,0-1/2-3/4-6,無料,屋内,https://kyounoko.jp/spot/-fh0p
ぐりんぱ（富士山2合目）,遊園地,静岡県,裾野市,,2-3/4-6,1000〜3000円,屋外,https://kyounoko.jp/spot/-fmyc
伊豆アニマルキングダム,動物園,静岡県,東伊豆町,,2-3/4-6,1000〜3000円,屋内外,https://kyounoko.jp/spot/-h2vd
伊豆ぐらんぱる公園,遊園地,静岡県,伊東市,,2-3/4-6,1000〜3000円,屋外,https://kyounoko.jp/spot/-iey1
下田海中水族館,水族館,静岡県,下田市,,0-1/2-3/4-6,3000円〜,屋内外,https://kyounoko.jp/spot/-s2nn
掛川花鳥園,動物園,静岡県,掛川市,,0-1/2-3/4-6,1000〜3000円,屋内,https://kyounoko.jp/spot/-bfly
御殿場高原 時之栖 水中楽園AQUARIUM,水族館,静岡県,御殿場市,,0-1/2-3/4-6,〜1000円,屋内,https://kyounoko.jp/spot/AQUARIUM-zccz
沼津港深海水族館,水族館,静岡県,沼津市,,2-3/4-6,〜1000円,屋内,https://kyounoko.jp/spot/-44f0
静岡科学館る・く・る,博物館・科学館,静岡県,静岡市,,2-3/4-6,〜1000円,屋内,https://kyounoko.jp/spot/-i9h4
静岡市立日本平動物園,動物園,静岡県,静岡市,,0-1/2-3/4-6,〜1000円,屋内外,https://kyounoko.jp/spot/-wf5l
東海大学海洋科学博物館,水族館,静岡県,静岡市,,2-3/4-6,〜1000円,屋内,https://kyounoko.jp/spot/-ymw3
浜松市動物園,動物園,静岡県,浜松市,,0-1/2-3/4-6,〜1000円,屋外,https://kyounoko.jp/spot/-da3s
浜名湖体験学習施設ウォット,水族館,静岡県,浜松市,,0-1/2-3/4-6,〜1000円,屋内,https://kyounoko.jp/spot/-l99j
富士サファリパーク,動物園,静岡県,裾野市,,2-3/4-6,1000〜3000円,屋内外,https://kyounoko.jp/spot/-8edw
あそびの森 かほっくる,屋内施設,石川県,かほく市,,0-1/2-3/4-6,〜1000円,屋内,https://kyounoko.jp/spot/-wbpl
あめるんパーク,屋内施設,石川県,金沢市,,0-1/2-3/4-6,無料,屋内,https://kyounoko.jp/spot/-bm4f
いしかわ動物園,動物園,石川県,能美市,,0-1/2-3/4-6,〜1000円,屋外,https://kyounoko.jp/spot/-vqdn
こどもっちパークかなざわ,屋内施設,石川県,金沢市,,0-1/2-3/4-6,〜1000円,屋内,https://kyounoko.jp/spot/-eau0
のとじま水族館,水族館,石川県,七尾市,,2-3/4-6,1000〜3000円,屋内外,https://kyounoko.jp/spot/-ow9l
銀河の里キゴ山,博物館・科学館,石川県,金沢市,,2-3/4-6,〜1000円,屋内外,https://kyounoko.jp/spot/-77nh
健民海浜公園,公園,石川県,金沢市,,2-3/4-6,〜1000円,屋外,https://kyounoko.jp/spot/-c6mb
手取フィッシュランド,遊園地,石川県,能美市,,0-1/2-3/4-6,1000〜3000円,屋外,https://kyounoko.jp/spot/-zeib
石川県ふれあい昆虫館,博物館・科学館,石川県,白山市,,2-3/4-6,〜1000円,屋内,https://kyounoko.jp/spot/-lcfp
石川県西田幾多郎記念哲学館,博物館・科学館,石川県,かほく市,,4-6,無料,屋内,https://kyounoko.jp/spot/-u2ag
石川県立航空プラザ,博物館・科学館,石川県,小松市,,0-1/2-3/4-6,無料,屋内,https://kyounoko.jp/spot/-ts4x
イオンモール幕張新都心,屋内施設,千葉県,千葉市,kaihimmakuhari,0-1/2-3/4-6,〜1000円,屋内,https://kyounoko.jp/spot/-17hj
カンドゥー（イオンモール幕張新都心）,屋内施設,千葉県,千葉市,,4-6,1000〜3000円,屋内,https://kyounoko.jp/spot/-2r1b
ふくろうの杜（流山）,屋内施設,千葉県,流山市,,4-6,1000〜3000円,屋内,https://kyounoko.jp/spot/-et68
ふなばしアンデルセン公園,公園,千葉県,船橋市,,2-3/4-6,〜1000円,屋外,https://kyounoko.jp/spot/-1e1o
ふなばしアンデルセン公園 にじの池,公園,千葉県,船橋市,,0-1/2-3/4-6,〜1000円,屋外,https://kyounoko.jp/spot/-7bh1
マザー牧場,牧場,千葉県,富津市,,0-1/2-3/4-6,1000〜3000円,屋外,https://kyounoko.jp/spot/-bv97
鴨川シーワールド,水族館,千葉県,鴨川市,,0-1/2-3/4-6,3000円〜,屋内外,https://kyounoko.jp/spot/-812n
県立青葉の森公園 水の広場,公園,千葉県,千葉市,,0-1/2-3/4-6,無料,屋外,https://kyounoko.jp/spot/-ypt6
航空科学博物館,博物館・科学館,千葉県,芝山町,,2-3/4-6,〜1000円,屋内,https://kyounoko.jp/spot/-8263
三井アウトレットパーク幕張,屋内施設,千葉県,千葉市,kaihimmakuhari,0-1/2-3/4-6,〜1000円,屋内外,https://kyounoko.jp/spot/-sk26
酒々井プレミアム・アウトレット,屋内施設,千葉県,酒々井町,,0-1/2-3/4-6,〜1000円,屋内外,https://kyounoko.jp/spot/-xff9
千葉市動物公園,動物園,千葉県,千葉市,,2-3/4-6,〜1000円,屋外,https://kyounoko.jp/spot/-dojn
袖ケ浦公園 じゃぶじゃぶ池,公園,千葉県,袖ケ浦市,,0-1/2-3/4-6,無料,屋外,https://kyounoko.jp/spot/-qe5h
東京ディズニーシー,遊園地,千葉県,浦安市,maihama,2-3/4-6,3000円〜,屋内外,https://kyounoko.jp/spot/-e5gd
東京ディズニーランド,遊園地,千葉県,浦安市,maihama,0-1/2-3/4-6,3000円〜,屋内外,https://kyounoko.jp/spot/-nnnr
南房総国民休暇村,公園,千葉県,館山市,,2-3/4-6,〜1000円,屋外,https://kyounoko.jp/spot/-ueie
柏の葉公園 噴水広場,公園,千葉県,柏市,,0-1/2-3/4-6,無料,屋外,https://kyounoko.jp/spot/-v0qd
ATCあそびマーレ,屋内施設,大阪府,大阪市住之江区,,0-1/2-3/4-6,〜1000円,屋内,https://kyounoko.jp/spot/ATC-k8cp
キッズプラザ大阪,屋内施設,大阪府,大阪市,,2-3/4-6,〜1000円,屋内,https://kyounoko.jp/spot/-85ch
キッズランドUS 大阪ベイタワー店,屋内施設,大阪府,大阪市港区,,0-1/2-3/4-6,〜1000円,屋内,https://kyounoko.jp/spot/US-g18b
ニフレル,水族館,大阪府,吹田市,,0-1/2-3/4-6,1000〜3000円,屋内,https://kyounoko.jp/spot/-g0ov
ピュアハートキッズランド フレスポしんかな,屋内施設,大阪府,堺市,,0-1/2-3/4-6,〜1000円,屋内,https://kyounoko.jp/spot/-svgc
ひらかたパーク,遊園地,大阪府,枚方市,,2-3/4-6,1000〜3000円,屋外,https://kyounoko.jp/spot/-yg6v
海遊館,水族館,大阪府,大阪市,,0-1/2-3/4-6,1000〜3000円,屋内,https://kyounoko.jp/spot/-f4z3
天王寺動物園,動物園,大阪府,大阪市,,2-3/4-6,〜1000円,屋外,https://kyounoko.jp/spot/-ul3i
天保山大観覧車,遊園地,大阪府,大阪市港区,,2-3/4-6,〜1000円,屋内外,https://kyounoko.jp/spot/-j0xb
万博記念公園,公園,大阪府,吹田市,,0-1/2-3/4-6,〜1000円,屋外,https://kyounoko.jp/spot/-lnoy
うみたまご,水族館,大分県,大分市,,0-1/2-3/4-6,1000〜3000円,屋内,https://kyounoko.jp/spot/-jr2m
キッズランドUS 大分由布挾間店,屋内施設,大分県,由布市,,0-1/2-3/4-6,〜1000円,屋内,https://kyounoko.jp/spot/US-0dhv
ザキッズ 大分トキハ店,屋内施設,大分県,大分市,,0-1/2-3/4-6,〜1000円,屋内,https://kyounoko.jp/spot/-oiuo
ハーモニーランド,遊園地,大分県,日出町,,0-1/2-3/4-6,1000〜3000円,屋外,https://kyounoko.jp/spot/-4kk7
るるパーク（大分農業文化公園）,公園,大分県,杵築市,,0-1/2-3/4-6,無料,屋内外,https://kyounoko.jp/spot/-jke7
九州自然動物公園アフリカンサファリ,動物園,大分県,宇佐市,,2-3/4-6,1000〜3000円,屋内外,https://kyounoko.jp/spot/-69vb
高崎山自然動物園,動物園,大分県,大分市,,2-3/4-6,〜1000円,屋外,https://kyounoko.jp/spot/-ewhf
城島高原パーク,遊園地,大分県,別府市,,2-3/4-6,1000〜3000円,屋外,https://kyounoko.jp/spot/-6y4v
大貞公園,公園,大分県,中津市,,2-3/4-6,無料,屋外,https://kyounoko.jp/spot/-c4hs
大分マリーンパレス水族館「うみたまご」,水族館,大分県,大分市,,0-1/2-3/4-6,1000〜3000円,屋内外,https://kyounoko.jp/spot/-hp1e
別府こどもあそびめぐり,屋内施設,大分県,別府市,,0-1/2-3/4-6,〜1000円,屋内,https://kyounoko.jp/spot/-02eq
あぐりの丘,公園,長崎県,長崎市,,0-1/2-3/4-6,無料,屋内外,https://kyounoko.jp/spot/-10j2
のぞみ公園,公園,長崎県,諫早市,,2-3/4-6,無料,屋外,https://kyounoko.jp/spot/-ec0q
ハウステンボス,遊園地,長崎県,佐世保市,,0-1/2-3/4-6,3000円〜,屋内外,https://kyounoko.jp/spot/-lupq
プラザ大村 地域子育て支援センター,屋内施設,長崎県,大村市,,0-1/2-3,無料,屋内,https://kyounoko.jp/spot/-o9ca
九十九島水族館海きらら,水族館,長崎県,佐世保市,,0-1/2-3/4-6,〜1000円,屋内外,https://kyounoko.jp/spot/-ubng
九十九島動植物園森きらら,動物園,長崎県,佐世保市,,2-3/4-6,〜1000円,屋外,https://kyounoko.jp/spot/-ops7
長崎バイオパーク,動物園,長崎県,西海市,,2-3/4-6,1000〜3000円,屋外,https://kyounoko.jp/spot/-zlca
長崎ペンギン水族館,水族館,長崎県,長崎市,,0-1/2-3/4-6,〜1000円,屋内,https://kyounoko.jp/spot/-07to
長崎県立総合運動公園,公園,長崎県,諫早市,,2-3/4-6,無料,屋外,https://kyounoko.jp/spot/-z7u2
長崎市科学館,博物館・科学館,長崎県,長崎市,,2-3/4-6,〜1000円,屋内,https://kyounoko.jp/spot/-e352
長崎東公園,公園,長崎県,長崎市,,0-1/2-3/4-6,無料,屋内外,https://kyounoko.jp/spot/-sawc
諫早市こどもの城,屋内施設,長崎県,諫早市,,0-1/2-3/4-6,無料,屋内,https://kyounoko.jp/spot/-5625
かざこし子どもの森公園,公園,長野県,飯田市,,0-1/2-3/4-6,無料,屋内外,https://kyounoko.jp/spot/-xwbb
軽井沢おもちゃ王国,遊園地,長野県,嬬恋村※群馬側,,0-1/2-3/4-6,1000〜3000円,屋内外,https://kyounoko.jp/spot/-73dd
軽井沢絵本の森美術館（ムーゼの森）,博物館・科学館,長野県,軽井沢町,,2-3/4-6,1000〜3000円,屋内外,https://kyounoko.jp/spot/-732c
佐久平ハイウェイオアシス パラダ,公園,長野県,佐久市,,2-3/4-6,1000〜3000円,屋内外,https://kyounoko.jp/spot/-ugi7
城山動物園,動物園,長野県,長野市,,0-1/2-3/4-6,無料,屋外,https://kyounoko.jp/spot/-k0dg
須坂市動物園,動物園,長野県,須坂市,,0-1/2-3/4-6,〜1000円,屋外,https://kyounoko.jp/spot/-kb3k
滝沢牧場,牧場,長野県,南牧村,,2-3/4-6,1000〜3000円,屋外,https://kyounoko.jp/spot/-ebiz
茶臼山動物園,動物園,長野県,長野市,,2-3/4-6,〜1000円,屋外,https://kyounoko.jp/spot/-mnbk
長野市少年科学センター,博物館・科学館,長野県,長野市,,4-6,〜1000円,屋内,https://kyounoko.jp/spot/-uw4n
忍者の里 チビッ子忍者村,遊園地,長野県,長野市,,2-3/4-6,1000〜3000円,屋内外,https://kyounoko.jp/spot/-1w5v
八ヶ岳アルパカ牧場,牧場,長野県,富士見町,,2-3/4-6,〜1000円,屋外,https://kyounoko.jp/spot/-fzb4
飯田市立動物園,動物園,長野県,飯田市,,0-1/2-3/4-6,無料,屋外,https://kyounoko.jp/spot/-9md1
アイエム電子 鳥取砂丘こどもの国,公園,鳥取県,鳥取市,,0-1/2-3/4-6,〜1000円,屋内外,https://kyounoko.jp/spot/-2ref
かにっこ館,水族館,鳥取県,鳥取市,,0-1/2-3/4-6,無料,屋内,https://kyounoko.jp/spot/-1drw
とっとり花回廊,公園,鳥取県,南部町,,0-1/2-3/4-6,〜1000円,屋内外,https://kyounoko.jp/spot/-mjfg
わらべ館,博物館・科学館,鳥取県,鳥取市,,0-1/2-3/4-6,〜1000円,屋内,https://kyounoko.jp/spot/-8dan
倉吉パークスクエア,屋内施設,鳥取県,倉吉市,,0-1/2-3/4-6,〜1000円,屋内外,https://kyounoko.jp/spot/-bcfd
大山まきばみるくの里,牧場,鳥取県,伯耆町,,2-3/4-6,〜1000円,屋内外,https://kyounoko.jp/spot/-g002
鳥取県立 むきばんだ史跡公園,公園,鳥取県,米子市,,2-3/4-6,無料,屋外,https://kyounoko.jp/spot/-tk6n
鳥取砂丘,公園,鳥取県,鳥取市,,2-3/4-6,無料,屋外,https://kyounoko.jp/spot/-s4i5
鳥取砂丘こどもの国,公園,鳥取県,鳥取市,,2-3/4-6,〜1000円,屋内外,https://kyounoko.jp/spot/-y29k
鳥取二十世紀梨記念館 なしっこ館,博物館・科学館,鳥取県,倉吉市,,0-1/2-3/4-6,〜1000円,屋内,https://kyounoko.jp/spot/-nout
道の駅 大栄 すいかの里,公園,鳥取県,北栄町,,0-1/2-3/4-6,無料,屋内外,https://kyounoko.jp/spot/-qvar
日南町オシドリ観察小屋,公園,鳥取県,日南町,,4-6,無料,屋外,https://kyounoko.jp/spot/-yuft
米子水鳥公園,公園,鳥取県,米子市,,2-3/4-6,〜1000円,屋内外,https://kyounoko.jp/spot/-njzm
アクアスランド,公園,島根県,浜田市,,0-1/2-3/4-6,無料,屋外,https://kyounoko.jp/spot/-e18w
あそび王国ぴぃかぁぶぅ,屋内施設,島根県,出雲市,,0-1/2-3/4-6,〜1000円,屋内,https://kyounoko.jp/spot/-4ze9
モニュメントミュージアム 来待ストーン,博物館・科学館,島根県,松江市,,4-6,〜1000円,屋内外,https://kyounoko.jp/spot/-70y4
出雲科学館,博物館・科学館,島根県,出雲市,,2-3/4-6,無料,屋内,https://kyounoko.jp/spot/-gjh0
松江フォーゲルパーク,動物園,島根県,松江市,,0-1/2-3/4-6,1000〜3000円,屋内外,https://kyounoko.jp/spot/-s67a
島根県立しまね花の郷,公園,島根県,出雲市,,0-1/2-3/4-6,〜1000円,屋内外,https://kyounoko.jp/spot/-7m75
島根県立しまね海洋館アクアス,水族館,島根県,浜田市,,0-1/2-3/4-6,〜1000円,屋内,https://kyounoko.jp/spot/-7fod
島根県立古代出雲歴史博物館,博物館・科学館,島根県,出雲市,,4-6,〜1000円,屋内,https://kyounoko.jp/spot/-tjv1
島根県立三瓶自然館サヒメル,博物館・科学館,島根県,大田市,,2-3/4-6,〜1000円,屋内,https://kyounoko.jp/spot/-8swk
島根県立宍道湖自然館 ゴビウス,水族館,島根県,出雲市,,0-1/2-3/4-6,〜1000円,屋内,https://kyounoko.jp/spot/-tzed
浜山公園,公園,島根県,出雲市,,0-1/2-3/4-6,無料,屋外,https://kyounoko.jp/spot/-bz8m
0123吉祥寺・0123はらっぱ,屋内施設,東京都,武蔵野市,,0-1/2-3,無料,屋内,https://kyounoko.jp/spot/0123-0123-t3q8
551蓬莱,子連れOKレストラン,東京都,大阪市ほか関西,,2-3/4-6,,屋内,https://kyounoko.jp/spot/551-mbps
A-FACTORY（青森駅前）カフェ＆レストラン,子連れOKレストラン,東京都,青森市,,0-1/2-3/4-6,,屋内,https://kyounoko.jp/spot/A-FACTORY-amv2
ANA機体工場見学（羽田）,博物館・科学館,東京都,大田区,shin-seibijo,4-6,無料,屋内,https://kyounoko.jp/spot/ANA-qpn5
ASOBono!（東京ドームシティ アソボーノ）,屋内施設,東京都,文京区,korakuen,0-1/2-3/4-6,1000〜3000円,屋内,https://kyounoko.jp/spot/ASOBono!-a463
COCO&#39;S（ココス）,子連れOKレストラン,東京都,複数,,0-1/2-3/4-6,,屋内,https://kyounoko.jp/spot/COCO-39-S-8lek
CoCoLo新潟 レストラン街,子連れOKレストラン,東京都,新潟市中央区,,0-1/2-3/4-6,,屋内,https://kyounoko.jp/spot/CoCoLo-npow
ekie広島 レストラン街,子連れOKレストラン,東京都,広島市南区,,0-1/2-3/4-6,,屋内,https://kyounoko.jp/spot/ekie-cw9v
FKD宇都宮 インターパーク レストラン街,子連れOKレストラン,東京都,宇都宮市,,0-1/2-3/4-6,,屋内,https://kyounoko.jp/spot/FKD-y7id
GINZA SIX,屋内施設,東京都,中央区,ginza,0-1/2-3/4-6,〜1000円,屋内,https://kyounoko.jp/spot/GINZA-SIX-jkf0
IKEA Tokyo-Bay（船橋）,屋内施設,東京都,船橋市,,2-3/4-6,〜1000円,屋内,https://kyounoko.jp/spot/IKEA-Tokyo-Bay-br0b
IKEA レストラン（新三郷・立川・原宿等）,子連れOKレストラン,東京都,複数,,0-1/2-3/4-6,,屋内,https://kyounoko.jp/spot/IKEA-8n1o
IKEA 港北 レストラン,子連れOKレストラン,東京都,横浜市都筑区,,0-1/2-3/4-6,,屋内,https://kyounoko.jp/spot/IKEA-9a3r
IKEA 神戸 レストラン,子連れOKレストラン,東京都,神戸市東灘区,,0-1/2-3/4-6,,屋内,https://kyounoko.jp/spot/IKEA-fce4
IKEA 長久手 レストラン,子連れOKレストラン,東京都,長久手市,,0-1/2-3/4-6,,屋内,https://kyounoko.jp/spot/IKEA-u3jp
IKEA 鶴浜 レストラン,子連れOKレストラン,東京都,大阪市大正区,,0-1/2-3/4-6,,屋内,https://kyounoko.jp/spot/IKEA-fmyq
IKEA 立川 レストラン,子連れOKレストラン,東京都,立川市,,0-1/2-3/4-6,,屋内,https://kyounoko.jp/spot/IKEA-gr7t
JAL工場見学 SKY MUSEUM（羽田）,博物館・科学館,東京都,大田区,shin-seibijo,4-6,無料,屋内,https://kyounoko.jp/spot/JAL-SKY-MUSEUM-ovgj
JRゲートタワー・JRセントラルタワーズ レストラン街,子連れOKレストラン,東京都,名古屋市中村区名駅,,0-1/2-3/4-6,,屋内,https://kyounoko.jp/spot/JR-JR-n68j
JRタワー T38 展望レストラン,子連れOKレストラン,東京都,札幌市中央区,,2-3/4-6,,屋内,https://kyounoko.jp/spot/JR-T38-gfws
JR博多シティ レストラン街（くうてん）,子連れOKレストラン,東京都,福岡市博多区,,0-1/2-3/4-6,,屋内,https://kyounoko.jp/spot/JR-zara
KITTE丸の内,屋内施設,東京都,千代田区,tokyo,0-1/2-3/4-6,無料,屋内,https://kyounoko.jp/spot/KITTE-mqag
MIDORI長野 レストラン街,子連れOKレストラン,東京都,長野市,,0-1/2-3/4-6,,屋内,https://kyounoko.jp/spot/MIDORI-6u2y
NHKスタジオパーク（渋谷）,博物館・科学館,東京都,渋谷区,,2-3/4-6,〜1000円,屋内,https://kyounoko.jp/spot/NHK-f8vx
アクアシティお台場,屋内施設,東京都,港区,odaiba-kaihinkoen,0-1/2-3/4-6,〜1000円,屋内,https://kyounoko.jp/spot/-ikia
アスティ岐阜 レストラン,子連れOKレストラン,東京都,岐阜市,,0-1/2-3/4-6,,屋内,https://kyounoko.jp/spot/-czud
アトレ吉祥寺 レストランフロア,子連れOKレストラン,東京都,武蔵野市,,0-1/2-3/4-6,,屋内,https://kyounoko.jp/spot/-oth4
アトレ大森 レストラン,子連れOKレストラン,東京都,大田区,,0-1/2-3/4-6,,屋内,https://kyounoko.jp/spot/-szch
アネビートリムパーク（ららぽーと各所等）,屋内施設,東京都,複数,,0-1/2-3,1000〜3000円,屋内,https://kyounoko.jp/spot/-4lrp
あべのキューズモール レストラン街,子連れOKレストラン,東京都,大阪市阿倍野区天王寺,,0-1/2-3/4-6,,屋内,https://kyounoko.jp/spot/-l5dp
あべのハルカス ダイニングフロア,子連れOKレストラン,東京都,大阪市阿倍野区天王寺,,0-1/2-3/4-6,,屋内,https://kyounoko.jp/spot/-31r4
アミュプラザおおいた レストラン街,子連れOKレストラン,東京都,大分市,,0-1/2-3/4-6,,屋内,https://kyounoko.jp/spot/-bvkk
アミュプラザくまもと レストラン街,子連れOKレストラン,東京都,熊本市西区,,0-1/2-3/4-6,,屋内,https://kyounoko.jp/spot/-mo9i
アミュプラザ鹿児島 レストラン街,子連れOKレストラン,東京都,鹿児島市,,0-1/2-3/4-6,,屋内,https://kyounoko.jp/spot/-dp3a
アミュプラザ長崎 レストラン街,子連れOKレストラン,東京都,長崎市,,0-1/2-3/4-6,,屋内,https://kyounoko.jp/spot/-pw60
アルヴェ・トピコ秋田 レストラン,子連れOKレストラン,東京都,秋田市,,0-1/2-3/4-6,,屋内,https://kyounoko.jp/spot/-xofd
イーアスつくば レストラン街,子連れOKレストラン,東京都,つくば市,,0-1/2-3/4-6,,屋内,https://kyounoko.jp/spot/-dxsp
イオンモールむさし村山,屋内施設,東京都,武蔵村山市,,0-1/2-3/4-6,〜1000円,屋内,https://kyounoko.jp/spot/-hrs1
イオンモール岡山 レストラン街,子連れOKレストラン,東京都,岡山市北区,,0-1/2-3/4-6,,屋内,https://kyounoko.jp/spot/-ovj5
イオンモール沖縄ライカム レストラン街,子連れOKレストラン,東京都,中頭郡北中城村,,0-1/2-3/4-6,,屋内,https://kyounoko.jp/spot/-npaw
イオンモール宮崎 レストラン街,子連れOKレストラン,東京都,宮崎市,,0-1/2-3/4-6,,屋内,https://kyounoko.jp/spot/-w24e
イオンモール京都桂川 レストラン街,子連れOKレストラン,東京都,京都市南区,,0-1/2-3/4-6,,屋内,https://kyounoko.jp/spot/-th24
イオンモール高崎 レストラン街,子連れOKレストラン,東京都,高崎市,,0-1/2-3/4-6,,屋内,https://kyounoko.jp/spot/-323y
イオンモール高知 レストラン街,子連れOKレストラン,東京都,高知市,,0-1/2-3/4-6,,屋内,https://kyounoko.jp/spot/-hnxg
イオンモール津南 レストラン街,子連れOKレストラン,東京都,津市,,0-1/2-3/4-6,,屋内,https://kyounoko.jp/spot/-rgib
イオンモール和歌山 レストラン街,子連れOKレストラン,東京都,和歌山市,,0-1/2-3/4-6,,屋内,https://kyounoko.jp/spot/-01iq
イクスピアリ レストラン街,子連れOKレストラン,東京都,浦安市,,0-1/2-3/4-6,,屋内,https://kyounoko.jp/spot/-l0wf
オアシス21 レストラン街,子連れOKレストラン,東京都,名古屋市東区栄,,0-1/2-3/4-6,,屋内,https://kyounoko.jp/spot/21-b9ak
お好み焼き 鶴橋風月,子連れOKレストラン,東京都,大阪市鶴橋ほか関西,,2-3/4-6,,屋内,https://kyounoko.jp/spot/-xxft
お台場 シンボルプロムナード公園,公園,東京都,港区,odaiba-kaihinkoen,2-3/4-6,無料,屋外,https://kyounoko.jp/spot/-m11d
お台場ヴィーナスフォート跡地～アクアシティお台場 レストラン,子連れOKレストラン,東京都,港区,,0-1/2-3/4-6,,屋内,https://kyounoko.jp/spot/-xcn2
お台場海浜公園,公園,東京都,港区,odaiba-kaihinkoen,2-3/4-6,無料,屋外,https://kyounoko.jp/spot/-25jw
がすてなーに ガスの科学館,博物館・科学館,東京都,江東区,toyosu,2-3/4-6,無料,屋内,https://kyounoko.jp/spot/-fzk8
ガスト,子連れOKレストラン,東京都,複数,,0-1/2-3/4-6,,屋内,https://kyounoko.jp/spot/-1m74
かっぱ寿司,子連れOKレストラン,東京都,複数,,2-3/4-6,,屋内,https://kyounoko.jp/spot/-tb61
カプリチョーザ,子連れOKレストラン,東京都,複数,,2-3/4-6,,屋内,https://kyounoko.jp/spot/-975v
カワスイ 川崎水族館,水族館,東京都,川崎市,kawasaki,0-1/2-3/4-6,1000〜3000円,屋内,https://kyounoko.jp/spot/-2wza
キッザニア東京,屋内施設,東京都,江東区,toyosu,4-6,3000円〜,屋内,https://kyounoko.jp/spot/-0i2w
キドキドよみうりランド店,屋内施設,東京都,稲城市,,0-1/2-3/4-6,1000〜3000円,屋内,https://kyounoko.jp/spot/-diob
キャナルシティ博多 レストラン街,子連れOKレストラン,東京都,福岡市博多区,,0-1/2-3/4-6,,屋内,https://kyounoko.jp/spot/-iphh
グランスタ東京 駅構内ダイニング,子連れOKレストラン,東京都,千代田区,,2-3/4-6,,屋内,https://kyounoko.jp/spot/-2agq
グランパーク田町・キッズスペース,屋内施設,東京都,港区,,0-1/2-3,無料,屋内,https://kyounoko.jp/spot/-zisq
グランフロント大阪 レストラン街,子連れOKレストラン,東京都,大阪市北区梅田,,0-1/2-3/4-6,,屋内,https://kyounoko.jp/spot/-avjl
グランベリーパーク レストラン街,子連れOKレストラン,東京都,町田市,,0-1/2-3/4-6,,屋内,https://kyounoko.jp/spot/-ejlx
グランベリーパーク（南町田）,屋内施設,東京都,町田市,,0-1/2-3/4-6,〜1000円,屋内外,https://kyounoko.jp/spot/-mjpp
くら寿司,子連れOKレストラン,東京都,複数,,2-3/4-6,,屋内,https://kyounoko.jp/spot/-m40s
ぐりんぱから一足のばして・羽村市動物公園,動物園,東京都,羽村市,,2-3/4-6,〜1000円,屋外,https://kyounoko.jp/spot/-ttap
クレメントプラザ徳島 レストラン,子連れOKレストラン,東京都,徳島市,,0-1/2-3/4-6,,屋内,https://kyounoko.jp/spot/-22xg
ケンタッキーフライドチキン,子連れOKレストラン,東京都,複数,,2-3/4-6,,屋内,https://kyounoko.jp/spot/-dx7m
コストコ 多摩境倉庫 フードコート,子連れOKレストラン,東京都,町田市,,2-3/4-6,,屋内,https://kyounoko.jp/spot/-ukkw
こどもの国（横浜・冬のスケート）,季節体験,東京都,横浜市,,4-6,〜1000円,屋内外,https://kyounoko.jp/spot/-2tzt
コメダ珈琲店,子連れOKレストラン,東京都,複数,,0-1/2-3/4-6,,屋内,https://kyounoko.jp/spot/-ovak
サイゼリヤ,子連れOKレストラン,東京都,複数,,0-1/2-3/4-6,,屋内,https://kyounoko.jp/spot/-i7d8
サッポロファクトリー レストラン,子連れOKレストラン,東京都,札幌市中央区,,0-1/2-3/4-6,,屋内,https://kyounoko.jp/spot/-3in2
サンシャイン水族館,水族館,東京都,豊島区,ikebukuro,0-1/2-3/4-6,1000〜3000円,屋内,https://kyounoko.jp/spot/-cyxc
サンリオピューロランド,遊園地,東京都,多摩市,,0-1/2-3/4-6,1000〜3000円,屋内,https://kyounoko.jp/spot/-96gw
シーモール下関 レストラン,子連れOKレストラン,東京都,下関市,,0-1/2-3/4-6,,屋内,https://kyounoko.jp/spot/-su4f
しながわ水族館,水族館,東京都,品川区,omori-kaigan,0-1/2-3/4-6,〜1000円,屋内,https://kyounoko.jp/spot/-46qr
しゃぶ葉,子連れOKレストラン,東京都,複数,,2-3/4-6,,屋内,https://kyounoko.jp/spot/-2guo
ジョナサン,子連れOKレストラン,東京都,複数,,0-1/2-3/4-6,,屋内,https://kyounoko.jp/spot/-zdzy
スガキヤ（中京圏チェーン）,子連れOKレストラン,東京都,名古屋市ほか中京圏,,2-3/4-6,,屋内,https://kyounoko.jp/spot/-7xpm
すき家,子連れOKレストラン,東京都,複数,,2-3/4-6,,屋内,https://kyounoko.jp/spot/-vet5
スシロー,子連れOKレストラン,東京都,複数,,2-3/4-6,,屋内,https://kyounoko.jp/spot/-3lc2
ステーキガスト,子連れOKレストラン,東京都,複数,,2-3/4-6,,屋内,https://kyounoko.jp/spot/-8f7m
すみだ水族館,水族館,東京都,墨田区,oshiage,0-1/2-3/4-6,1000〜3000円,屋内,https://kyounoko.jp/spot/-w6hr
すみれ（札幌ラーメン）,子連れOKレストラン,東京都,札幌市,,2-3/4-6,,屋内,https://kyounoko.jp/spot/-z6uh
スモールワールズTOKYO,屋内施設,東京都,江東区,,2-3/4-6,1000〜3000円,屋内,https://kyounoko.jp/spot/TOKYO-xq8o
ダイバーシティ東京プラザ,屋内施設,東京都,江東区,daiba,2-3/4-6,〜1000円,屋内,https://kyounoko.jp/spot/-cy8p
タリーズコーヒー（Tully's）キッズメニュー対応店,子連れOKレストラン,東京都,複数,,0-1/2-3/4-6,,屋内,https://kyounoko.jp/spot/-m0jj
チームラボプラネッツTOKYO DMM,博物館・科学館,東京都,江東区,,2-3/4-6,1000〜3000円,屋内,https://kyounoko.jp/spot/TOKYO-DMM-x9xg
チームラボボーダレス（麻布台ヒルズ）,博物館・科学館,東京都,港区,,2-3/4-6,1000〜3000円,屋内,https://kyounoko.jp/spot/-4a6c
デニーズ,子連れOKレストラン,東京都,複数,,0-1/2-3/4-6,,屋内,https://kyounoko.jp/spot/-am6l
トリックアートミュージアム高尾山,博物館・科学館,東京都,八王子市,,2-3/4-6,〜1000円,屋内,https://kyounoko.jp/spot/-152r
なか卯,子連れOKレストラン,東京都,複数,,2-3/4-6,,屋内,https://kyounoko.jp/spot/-yd4d
なんばCITY レストラン街,子連れOKレストラン,東京都,大阪市中央区難波,,0-1/2-3/4-6,,屋内,https://kyounoko.jp/spot/CITY-iqht
なんばパークス レストラン街,子連れOKレストラン,東京都,大阪市浪速区難波,,0-1/2-3/4-6,,屋内,https://kyounoko.jp/spot/-95lh
バーミヤン,子連れOKレストラン,東京都,複数,,0-1/2-3/4-6,,屋内,https://kyounoko.jp/spot/-jknt
パナソニックセンター東京 AkeruE,博物館・科学館,東京都,江東区,ariake,4-6,〜1000円,屋内,https://kyounoko.jp/spot/AkeruE-6dkq
はま寿司,子連れOKレストラン,東京都,複数,,2-3/4-6,,屋内,https://kyounoko.jp/spot/-z109
パルシェ静岡 レストラン,子連れOKレストラン,東京都,静岡市葵区,,0-1/2-3/4-6,,屋内,https://kyounoko.jp/spot/-474g
ビッグボーイ,子連れOKレストラン,東京都,複数,,2-3/4-6,,屋内,https://kyounoko.jp/spot/-wgol
びっくりドンキー,子連れOKレストラン,東京都,複数,,2-3/4-6,,屋内,https://kyounoko.jp/spot/-kmph
ビバパエリア／スペインバル（中野・吉祥寺）,子連れOKレストラン,東京都,中野区,,2-3/4-6,,屋内,https://kyounoko.jp/spot/-5645
ひょうたん寿司,子連れOKレストラン,東京都,福岡市天神,,2-3/4-6,,屋内,https://kyounoko.jp/spot/-gt8x
ファンタジーキッズリゾート お台場,屋内施設,東京都,江東区,,0-1/2-3/4-6,1000〜3000円,屋内,https://kyounoko.jp/spot/-n26s
フォルクス,子連れOKレストラン,東京都,複数,,2-3/4-6,,屋内,https://kyounoko.jp/spot/-sj4q
フォレオ大津一里山 レストラン街,子連れOKレストラン,東京都,大津市,,0-1/2-3/4-6,,屋内,https://kyounoko.jp/spot/-n36t
フレッシュネスバーガー,子連れOKレストラン,東京都,複数,,2-3/4-6,,屋内,https://kyounoko.jp/spot/-0yef
ベビーパーク KIDS PARK（複数）,屋内施設,東京都,複数,,0-1/2-3,1000〜3000円,屋内,https://kyounoko.jp/spot/KIDS-PARK-dsq8
マークイズみなとみらい・吉祥寺パルコ系列 レストラン街,子連れOKレストラン,東京都,武蔵野市,,0-1/2-3/4-6,,屋内,https://kyounoko.jp/spot/-dec1
マクセル アクアパーク品川,水族館,東京都,港区,shinagawa,0-1/2-3/4-6,1000〜3000円,屋内,https://kyounoko.jp/spot/-5gmr
マクドナルド,子連れOKレストラン,東京都,複数,,2-3/4-6,,屋内,https://kyounoko.jp/spot/-pa4f
マリノアシティ福岡 レストラン街,子連れOKレストラン,東京都,福岡市西区,,2-3/4-6,,屋内,https://kyounoko.jp/spot/-6e4v
マルイファミリー溝口,屋内施設,東京都,川崎市,mizonokuchi,0-1/2-3/4-6,〜1000円,屋内,https://kyounoko.jp/spot/-rlvl
ミスタードーナツ,子連れOKレストラン,東京都,複数,,2-3/4-6,,屋内,https://kyounoko.jp/spot/-k6id
ミッドランドスクエア レストラン街,子連れOKレストラン,東京都,名古屋市中村区名駅,,2-3/4-6,,屋内,https://kyounoko.jp/spot/-yfre
モーリーファンタジー（複数イオン内）,屋内施設,東京都,複数,,0-1/2-3/4-6,〜1000円,屋内,https://kyounoko.jp/spot/-9wh3
モスバーガー,子連れOKレストラン,東京都,複数,,2-3/4-6,,屋内,https://kyounoko.jp/spot/-cbwc
ゆめタウン佐賀 レストラン街,子連れOKレストラン,東京都,佐賀市,,0-1/2-3/4-6,,屋内,https://kyounoko.jp/spot/-e30j
ヨドバシ梅田＆ヨドバシ京都 レストラン街,子連れOKレストラン,東京都,京都市下京区,,0-1/2-3/4-6,,屋内,https://kyounoko.jp/spot/-3tbc
よみうりランド,遊園地,東京都,稲城市,,2-3/4-6,3000円〜,屋外,https://kyounoko.jp/spot/-3pd4
ラゾーナ川崎プラザ レストラン街,子連れOKレストラン,東京都,川崎市幸区,,0-1/2-3/4-6,,屋内,https://kyounoko.jp/spot/-msdt
ららテラス武蔵小杉,屋内施設,東京都,川崎市,musashi-kosugi,0-1/2-3/4-6,〜1000円,屋内,https://kyounoko.jp/spot/-dcg2
ららぽーとEXPOCITY レストラン街,子連れOKレストラン,東京都,吹田市千里万博公園,,0-1/2-3/4-6,,屋内,https://kyounoko.jp/spot/EXPOCITY-gwj1
ららぽーと横浜 レストラン街,子連れOKレストラン,東京都,横浜市都筑区,,0-1/2-3/4-6,,屋内,https://kyounoko.jp/spot/-cwhx
ららぽーと甲子園 レストラン街,子連れOKレストラン,東京都,西宮市,,0-1/2-3/4-6,,屋内,https://kyounoko.jp/spot/-zm7c
ららぽーと富士見 レストラン街,子連れOKレストラン,東京都,富士見市,,0-1/2-3/4-6,,屋内,https://kyounoko.jp/spot/-qeuf
ららぽーと福岡 レストラン街,子連れOKレストラン,東京都,福岡市博多区,,0-1/2-3/4-6,,屋内,https://kyounoko.jp/spot/-mcc9
ららぽーと豊洲 レストラン街,子連れOKレストラン,東京都,江東区,,0-1/2-3/4-6,,屋内,https://kyounoko.jp/spot/-dov1
ららぽーと名古屋みなとアクルス レストラン街,子連れOKレストラン,東京都,名古屋市港区,,0-1/2-3/4-6,,屋内,https://kyounoko.jp/spot/-bgpm
ららぽーと立川立飛,屋内施設,東京都,立川市,,0-1/2-3/4-6,〜1000円,屋内,https://kyounoko.jp/spot/-l907
リトルプラネット（複数）,屋内施設,東京都,複数,,2-3/4-6,1000〜3000円,屋内,https://kyounoko.jp/spot/-ij98
リンガーハット,子連れOKレストラン,東京都,複数,,2-3/4-6,,屋内,https://kyounoko.jp/spot/-khxc
ルクア大阪 バルチカ,子連れOKレストラン,東京都,大阪市北区梅田,,2-3/4-6,,屋内,https://kyounoko.jp/spot/-3fsb
ルミネ新宿 レストラン街,子連れOKレストラン,東京都,新宿区,,2-3/4-6,,屋内,https://kyounoko.jp/spot/-dnpt
ルミネ町田,屋内施設,東京都,町田市,,0-1/2-3/4-6,〜1000円,屋内,https://kyounoko.jp/spot/-uxp3
レゴランド・ディスカバリー・センター東京,屋内施設,東京都,港区,,2-3/4-6,1000〜3000円,屋内,https://kyounoko.jp/spot/-pauu
レストランフロイデ（としまえん跡周辺ほか）,子連れOKレストラン,東京都,練馬区,,0-1/2-3/4-6,,屋内,https://kyounoko.jp/spot/-s0j4
ロイズチョコレートワールド,子連れOKレストラン,東京都,千歳市（新千歳空港）,,2-3/4-6,,屋内,https://kyounoko.jp/spot/-cxib
ロイヤルホスト,子連れOKレストラン,東京都,複数,,0-1/2-3/4-6,,屋内,https://kyounoko.jp/spot/-nprj
井の頭恩賜公園,公園,東京都,武蔵野市,,0-1/2-3/4-6,無料,屋外,https://kyounoko.jp/spot/-xb3c
井の頭自然文化園,動物園,東京都,武蔵野市,,2-3/4-6,〜1000円,屋外,https://kyounoko.jp/spot/-jlzu
井の頭自然文化園 ジャブジャブ池,公園,東京都,武蔵野市,,0-1/2-3/4-6,〜1000円,屋外,https://kyounoko.jp/spot/-kdza
一蘭,子連れOKレストラン,東京都,複数,,4-6,,屋内,https://kyounoko.jp/spot/-pfvi
烏山川緑道 じゃぶじゃぶ池,公園,東京都,世田谷区,,0-1/2-3/4-6,無料,屋外,https://kyounoko.jp/spot/-6l5e
横浜ランドマークタワー ドックヤードガーデン レストラン,子連れOKレストラン,東京都,横浜市西区みなとみらい,,0-1/2-3/4-6,,屋内,https://kyounoko.jp/spot/-npfb
横浜赤レンガ倉庫 レストランフロア,子連れOKレストラン,東京都,横浜市中区,,2-3/4-6,,屋内,https://kyounoko.jp/spot/-nqn9
科学技術館（北の丸公園）,博物館・科学館,東京都,千代田区,kudanshita,4-6,〜1000円,屋内,https://kyounoko.jp/spot/-ufp8
華屋与兵衛,子連れOKレストラン,東京都,複数,,0-1/2-3/4-6,,屋内,https://kyounoko.jp/spot/-ox8j
葛西海浜公園 西なぎさ,公園,東京都,江戸川区,kasai-rinkai-koen,2-3/4-6,無料,屋外,https://kyounoko.jp/spot/-9unv
葛西臨海公園,公園,東京都,江戸川区,kasai-rinkai-koen,0-1/2-3/4-6,無料,屋外,https://kyounoko.jp/spot/-9fgj
葛西臨海水族園,水族館,東京都,江戸川区,kasai-rinkai-koen,0-1/2-3/4-6,〜1000円,屋内,https://kyounoko.jp/spot/-ysyk
蒲田グランデュオ レストランフロア,子連れOKレストラン,東京都,大田区,,0-1/2-3/4-6,,屋内,https://kyounoko.jp/spot/-ps24
鎌倉小町通り ファミリー向けカフェ,子連れOKレストラン,東京都,鎌倉市,,2-3/4-6,,屋内,https://kyounoko.jp/spot/-tvl9
丸ビル 5・6Fレストラン街,子連れOKレストラン,東京都,千代田区,,0-1/2-3/4-6,,屋内,https://kyounoko.jp/spot/5-6F-fbjc
丸亀製麺,子連れOKレストラン,東京都,複数,,0-1/2-3/4-6,,屋内,https://kyounoko.jp/spot/-lxt6
祇園辻利／都路里,子連れOKレストラン,東京都,京都市祇園,,4-6,,屋内,https://kyounoko.jp/spot/-el5y
吉祥寺アトレ・キラリナ京王吉祥寺,屋内施設,東京都,武蔵野市,,0-1/2-3/4-6,〜1000円,屋内,https://kyounoko.jp/spot/-53zt
吉野家,子連れOKレストラン,東京都,複数,,2-3/4-6,,屋内,https://kyounoko.jp/spot/-nhmy
砧公園,公園,東京都,世田谷区,seijogakuen-mae,0-1/2-3/4-6,無料,屋外,https://kyounoko.jp/spot/-wuua
牛たん炭焼 利久,子連れOKレストラン,東京都,仙台市ほか,,2-3/4-6,,屋内,https://kyounoko.jp/spot/-jte5
京王あそびの森 HUGHUG,屋内施設,東京都,日野市,,0-1/2-3/4-6,1000〜3000円,屋内,https://kyounoko.jp/spot/HUGHUG-501y
京王れーるランド,博物館・科学館,東京都,日野市,,0-1/2-3/4-6,〜1000円,屋内,https://kyounoko.jp/spot/-q6wm
京都ポルタ 地下街レストラン,子連れOKレストラン,東京都,京都市下京区,,0-1/2-3/4-6,,屋内,https://kyounoko.jp/spot/-c2x1
京都駅ビル ザ・キューブ・ジェイアール京都伊勢丹 レストラン,子連れOKレストラン,東京都,京都市下京区,,0-1/2-3/4-6,,屋内,https://kyounoko.jp/spot/-pqij
京都四条河原町 OPA・高島屋 レストランフロア,子連れOKレストラン,東京都,京都市下京区,,2-3/4-6,,屋内,https://kyounoko.jp/spot/OPA-ppda
玉川高島屋S・C,屋内施設,東京都,世田谷区,futako-tamagawa,0-1/2-3/4-6,〜1000円,屋内,https://kyounoko.jp/spot/S-C-mchr
錦糸公園 噴水,公園,東京都,墨田区,kinshicho,0-1/2-3/4-6,無料,屋外,https://kyounoko.jp/spot/-4f5k
錦糸町オリナス レストラン街,子連れOKレストラン,東京都,墨田区,,0-1/2-3/4-6,,屋内,https://kyounoko.jp/spot/-s76h
近鉄百貨店奈良店 レストランフロア,子連れOKレストラン,東京都,奈良市,,0-1/2-3/4-6,,屋内,https://kyounoko.jp/spot/-9mx4
金沢百番街 あんと レストラン,子連れOKレストラン,東京都,金沢市,,2-3/4-6,,屋内,https://kyounoko.jp/spot/-6u2d
駒沢オリンピック公園,公園,東京都,世田谷区,komazawa-daigaku,0-1/2-3/4-6,無料,屋外,https://kyounoko.jp/spot/-rl1c
駒沢オリンピック公園 ジャブジャブ池,公園,東京都,世田谷区,komazawa-daigaku,0-1/2-3/4-6,無料,屋外,https://kyounoko.jp/spot/-c8bk
元祖長浜屋,子連れOKレストラン,東京都,福岡市長浜,,4-6,,屋内,https://kyounoko.jp/spot/-hqzu
戸山公園 箱根山地区 じゃぶじゃぶ池,公園,東京都,新宿区,,0-1/2-3/4-6,無料,屋外,https://kyounoko.jp/spot/-cxm1
光が丘公園,公園,東京都,練馬区,hikarigaoka,2-3/4-6,無料,屋外,https://kyounoko.jp/spot/-p5xx
光が丘公園 水景施設,公園,東京都,練馬区,hikarigaoka,0-1/2-3/4-6,無料,屋外,https://kyounoko.jp/spot/-kmjw
江戸川区自然動物園（行船公園）,動物園,東京都,江戸川区,,2-3/4-6,無料,屋外,https://kyounoko.jp/spot/-cpuc
江戸東京たてもの園,博物館・科学館,東京都,小金井市,,2-3/4-6,〜1000円,屋内外,https://kyounoko.jp/spot/-zdp2
高松オルネ・コトデンそごう周辺 レストラン,子連れOKレストラン,東京都,高松市,,0-1/2-3/4-6,,屋内,https://kyounoko.jp/spot/-n9ly
高尾山,公園,東京都,八王子市,,2-3/4-6,〜1000円,屋外,https://kyounoko.jp/spot/-pbaf
国営昭和記念公園,公園,東京都,立川市,,0-1/2-3/4-6,〜1000円,屋外,https://kyounoko.jp/spot/-l2px
国立科学博物館,博物館・科学館,東京都,台東区,ueno,4-6,〜1000円,屋内,https://kyounoko.jp/spot/-2h6l
国立新美術館,博物館・科学館,東京都,港区,nogizaka,4-6,〜1000円,屋内,https://kyounoko.jp/spot/-8bbk
札幌ステラプレイス レストラン街,子連れOKレストラン,東京都,札幌市中央区,,0-1/2-3/4-6,,屋内,https://kyounoko.jp/spot/-05m7
志津香,子連れOKレストラン,東京都,奈良市,,2-3/4-6,,屋内,https://kyounoko.jp/spot/-dluc
舎人公園,公園,東京都,足立区,toneri-koen,2-3/4-6,無料,屋外,https://kyounoko.jp/spot/-7dim
舎人公園 じゃぶじゃぶ池（浮球の池）,公園,東京都,足立区,toneri-koen,2-3/4-6,無料,屋外,https://kyounoko.jp/spot/-irhu
渋谷スクランブルスクエア,屋内施設,東京都,渋谷区,shibuya,2-3/4-6,1000〜3000円,屋内,https://kyounoko.jp/spot/-k8xz
渋谷ヒカリエ ShinQs ダイニング,子連れOKレストラン,東京都,渋谷区,,0-1/2-3/4-6,,屋内,https://kyounoko.jp/spot/ShinQs-ze61
小金井公園,公園,東京都,小金井市,,0-1/2-3/4-6,無料,屋外,https://kyounoko.jp/spot/-pb7s
小石川後楽園,公園,東京都,文京区,iidabashi,4-6,〜1000円,屋外,https://kyounoko.jp/spot/-mma1
昭和記念公園 こどもの森レインボーハンモック,公園,東京都,立川市,,2-3/4-6,〜1000円,屋外,https://kyounoko.jp/spot/-j3uv
松屋,子連れOKレストラン,東京都,複数,,2-3/4-6,,屋内,https://kyounoko.jp/spot/-9l36
松山三越 レストランフロア,子連れOKレストラン,東京都,松山市,,0-1/2-3/4-6,,屋内,https://kyounoko.jp/spot/-pwtq
松尾ジンギスカン,子連れOKレストラン,東京都,札幌市・滝川市ほか,,2-3/4-6,,屋内,https://kyounoko.jp/spot/-fd7m
湘南T-SITE（藤沢） カフェ＆レストラン,子連れOKレストラン,東京都,藤沢市辻堂,,0-1/2-3/4-6,,屋内,https://kyounoko.jp/spot/T-SITE-w3mo
焼肉きんぐ,子連れOKレストラン,東京都,複数,,2-3/4-6,,屋内,https://kyounoko.jp/spot/-u7um
上島珈琲店・キッズ向けカフェ,子連れOKレストラン,東京都,複数,,2-3/4-6,,屋内,https://kyounoko.jp/spot/-sb44
上野恩賜公園,公園,東京都,台東区,ueno,0-1/2-3/4-6,無料,屋外,https://kyounoko.jp/spot/-r8ls
上野恩賜公園 竹の台広場 噴水,公園,東京都,台東区,ueno,2-3/4-6,無料,屋外,https://kyounoko.jp/spot/-6iam
上野松坂屋 上野フロンティアタワー レストラン,子連れOKレストラン,東京都,台東区,,0-1/2-3/4-6,,屋内,https://kyounoko.jp/spot/-mx5f
上野動物園,動物園,東京都,台東区,ueno,0-1/2-3/4-6,〜1000円,屋外,https://kyounoko.jp/spot/-xuw1
上柚木公園 じゃぶじゃぶ池,公園,東京都,八王子市,,0-1/2-3/4-6,無料,屋外,https://kyounoko.jp/spot/-upgm
城南島海浜公園,公園,東京都,大田区,,2-3/4-6,無料,屋外,https://kyounoko.jp/spot/-or13
新宿御苑,公園,東京都,新宿区,shinjuku-gyoemmae,0-1/2-3/4-6,〜1000円,屋外,https://kyounoko.jp/spot/-zsp0
新宿高島屋 14Fダイニング,子連れOKレストラン,東京都,渋谷区,,0-1/2-3/4-6,,屋内,https://kyounoko.jp/spot/14F-3j4b
新宿中央公園 ジャブジャブ池,公園,東京都,新宿区,tochomae,0-1/2-3/4-6,無料,屋外,https://kyounoko.jp/spot/-i5cr
新千歳空港 ターミナルビル ファミリーレストラン,子連れOKレストラン,東京都,千歳市,,0-1/2-3/4-6,,屋内,https://kyounoko.jp/spot/-3q84
神戸ハーバーランド umie レストラン街,子連れOKレストラン,東京都,神戸市中央区,,0-1/2-3/4-6,,屋内,https://kyounoko.jp/spot/umie-trpj
神戸三宮センタープラザ レストラン,子連れOKレストラン,東京都,神戸市中央区,,2-3/4-6,,屋内,https://kyounoko.jp/spot/-qx3m
神代植物公園,公園,東京都,調布市,,0-1/2-3,〜1000円,屋外,https://kyounoko.jp/spot/-fpr3
神田明神,季節体験,東京都,千代田区,akihabara,0-1/2-3/4-6,無料,屋外,https://kyounoko.jp/spot/-at0y
水元公園,公園,東京都,葛飾区,,2-3/4-6,無料,屋外,https://kyounoko.jp/spot/-8e8q
水元公園 水遊び場,公園,東京都,葛飾区,,0-1/2-3/4-6,無料,屋外,https://kyounoko.jp/spot/-arrb
杉並アニメーションミュージアム,博物館・科学館,東京都,杉並区,,4-6,無料,屋内,https://kyounoko.jp/spot/-0u6l
世界の山ちゃん,子連れOKレストラン,東京都,名古屋市ほか,,4-6,,屋内,https://kyounoko.jp/spot/-bpew
清水池公園 じゃぶじゃぶ池,公園,東京都,目黒区,gakugei-daigaku,0-1/2-3/4-6,無料,屋外,https://kyounoko.jp/spot/-kb9h
清澄庭園,公園,東京都,江東区,kiyosumi-shirakawa,2-3/4-6,〜1000円,屋外,https://kyounoko.jp/spot/-8qfa
盛岡駅 フェザン レストラン街,子連れOKレストラン,東京都,盛岡市,,0-1/2-3/4-6,,屋内,https://kyounoko.jp/spot/-9jec
石神井公園,公園,東京都,練馬区,,0-1/2-3/4-6,無料,屋外,https://kyounoko.jp/spot/-wzls
仙台パルコ・エスパル仙台 レストランフロア,子連れOKレストラン,東京都,仙台市青葉区,,0-1/2-3/4-6,,屋内,https://kyounoko.jp/spot/-1z7k
川崎アゼリア・チネチッタ周辺 レストラン,子連れOKレストラン,東京都,川崎市川崎区,,2-3/4-6,,屋内,https://kyounoko.jp/spot/-4o8i
浅草寺・仲見世,季節体験,東京都,台東区,asakusa,2-3/4-6,無料,屋外,https://kyounoko.jp/spot/-5cv5
善福寺公園,公園,東京都,杉並区,,0-1/2-3/4-6,無料,屋外,https://kyounoko.jp/spot/-imps
足立区生物園,動物園,東京都,足立区,,2-3/4-6,〜1000円,屋内,https://kyounoko.jp/spot/-o6rm
多摩動物公園,動物園,東京都,日野市,,2-3/4-6,〜1000円,屋外,https://kyounoko.jp/spot/-phb0
多摩六都科学館,博物館・科学館,東京都,西東京市,,2-3/4-6,〜1000円,屋内,https://kyounoko.jp/spot/-9vly
代々木公園,公園,東京都,渋谷区,harajuku,0-1/2-3/4-6,無料,屋外,https://kyounoko.jp/spot/-r3xk
台場海浜公園 ビーチ,季節体験,東京都,港区,,2-3/4-6,無料,屋外,https://kyounoko.jp/spot/-tzd6
大横川親水公園 じゃぶじゃぶ池,公園,東京都,墨田区,oshiage,0-1/2-3/4-6,無料,屋外,https://kyounoko.jp/spot/-0oi2
大丸札幌店 レストランフロア,子連れOKレストラン,東京都,札幌市中央区,,2-3/4-6,,屋内,https://kyounoko.jp/spot/-ijlu
地下鉄博物館（葛西）,博物館・科学館,東京都,江戸川区,kasai,2-3/4-6,〜1000円,屋内,https://kyounoko.jp/spot/-kwlo
池袋サンシャインシティ レストラン街,子連れOKレストラン,東京都,豊島区,,0-1/2-3/4-6,,屋内,https://kyounoko.jp/spot/-h60m
池袋防災館,博物館・科学館,東京都,豊島区,,4-6,無料,屋内,https://kyounoko.jp/spot/-5u8i
築地銀だこ,子連れOKレストラン,東京都,複数,,2-3/4-6,,屋内,https://kyounoko.jp/spot/-7gxd
中野サンモール～中野ブロードウェイ周辺 ファミレス・カフェ,子連れOKレストラン,東京都,中野区,,0-1/2-3/4-6,,屋内,https://kyounoko.jp/spot/-0n4j
天神地下街・ソラリアプラザ レストラン,子連れOKレストラン,東京都,福岡市中央区天神,,0-1/2-3/4-6,,屋内,https://kyounoko.jp/spot/-qd6p
東京おもちゃ美術館,博物館・科学館,東京都,新宿区,,0-1/2-3/4-6,1000〜3000円,屋内,https://kyounoko.jp/spot/-gnt3
東京スカイツリータウン ソラマチ レストラン街,子連れOKレストラン,東京都,墨田区,,0-1/2-3/4-6,,屋内,https://kyounoko.jp/spot/-ln74
東京スカイツリー展望デッキ,遊園地,東京都,墨田区,tokyo-skytree,2-3/4-6,1000〜3000円,屋内,https://kyounoko.jp/spot/-xur8
東京ステーションホテル ロビーラウンジ,子連れOKレストラン,東京都,千代田区,,2-3/4-6,,屋内,https://kyounoko.jp/spot/-bex9
東京ソラマチ,屋内施設,東京都,墨田区,oshiage,0-1/2-3/4-6,〜1000円,屋内,https://kyounoko.jp/spot/-5rxm
東京タワー,遊園地,東京都,港区,akabanebashi,2-3/4-6,1000〜3000円,屋内外,https://kyounoko.jp/spot/-4ulo
東京ドイツ村,公園,東京都,袖ケ浦市,,2-3/4-6,1000〜3000円,屋外,https://kyounoko.jp/spot/-j7ru
東京ドームシティ ラクーア内 キッズOK店舗群,子連れOKレストラン,東京都,文京区,,0-1/2-3/4-6,,屋内,https://kyounoko.jp/spot/OK-d1n8
東京ミッドタウン（六本木）,屋内施設,東京都,港区,roppongi,0-1/2-3/4-6,〜1000円,屋内外,https://kyounoko.jp/spot/-7573
東京ミッドタウン日比谷,屋内施設,東京都,千代田区,hibiya,0-1/2-3/4-6,〜1000円,屋内,https://kyounoko.jp/spot/-o76e
東京駅前 行幸通り・丸の内仲通り,季節体験,東京都,千代田区,,2-3/4-6,無料,屋外,https://kyounoko.jp/spot/-hag5
東京競馬場（パドックひろば）,公園,東京都,府中市,,2-3/4-6,〜1000円,屋内外,https://kyounoko.jp/spot/-huf2
東京港野鳥公園,公園,東京都,大田区,ryutsu-center,4-6,〜1000円,屋外,https://kyounoko.jp/spot/-phow
東京国立博物館,博物館・科学館,東京都,台東区,ueno,4-6,〜1000円,屋内,https://kyounoko.jp/spot/-his7
東京消防庁 消防博物館,博物館・科学館,東京都,新宿区,yotsuya-sanchome,2-3/4-6,無料,屋内,https://kyounoko.jp/spot/-lrwk
東京都現代美術館 こどもアトリエ,博物館・科学館,東京都,江東区,kiyosumi-shirakawa,4-6,〜1000円,屋内,https://kyounoko.jp/spot/-5dg2
東京都水の科学館,博物館・科学館,東京都,江東区,kokusai-tenjijo,2-3/4-6,無料,屋内,https://kyounoko.jp/spot/-qjev
東京都美術館 アートスタディルーム,博物館・科学館,東京都,台東区,ueno,4-6,無料,屋内,https://kyounoko.jp/spot/-63ut
東京臨海広域防災公園 そなエリア東京,博物館・科学館,東京都,江東区,kokusai-tenjijo,4-6,無料,屋内,https://kyounoko.jp/spot/-2f47
等々力渓谷,公園,東京都,世田谷区,todoroki,2-3/4-6,無料,屋外,https://kyounoko.jp/spot/-dogk
二子玉川ライズ S.C. レストラン街,子連れOKレストラン,東京都,世田谷区,,0-1/2-3/4-6,,屋内,https://kyounoko.jp/spot/S.C.-xguc
二子玉川ライズ・ショッピングセンター,屋内施設,東京都,世田谷区,futako-tamagawa,0-1/2-3/4-6,〜1000円,屋内,https://kyounoko.jp/spot/-4fto
日比谷公園,公園,東京都,千代田区,hibiya,0-1/2-3/4-6,無料,屋外,https://kyounoko.jp/spot/-mmzy
日暮里南公園 じゃぶじゃぶ池,公園,東京都,荒川区,nippori,0-1/2-3/4-6,無料,屋外,https://kyounoko.jp/spot/-x31f
日本科学未来館,博物館・科学館,東京都,江東区,telecom-center,4-6,〜1000円,屋内,https://kyounoko.jp/spot/-ib4p
日本橋三越本店,屋内施設,東京都,中央区,mitsukoshimae,0-1/2-3/4-6,〜1000円,屋内,https://kyounoko.jp/spot/-r3xz
日本民家園,博物館・科学館,東京都,川崎市,,4-6,〜1000円,屋外,https://kyounoko.jp/spot/-o7q3
板橋区立こども動物園,動物園,東京都,板橋区,,2-3/4-6,無料,屋外,https://kyounoko.jp/spot/-g3m1
姫路駅前 ピオレ姫路 レストランフロア,子連れOKレストラン,東京都,姫路市,,0-1/2-3/4-6,,屋内,https://kyounoko.jp/spot/-y1e3
富山駅 マルート レストラン,子連れOKレストラン,東京都,富山市,,0-1/2-3/4-6,,屋内,https://kyounoko.jp/spot/-mbpn
府中の森公園,公園,東京都,府中市,,0-1/2-3/4-6,無料,屋外,https://kyounoko.jp/spot/-zk0u
府中市郷土の森博物館,博物館・科学館,東京都,府中市,,2-3/4-6,〜1000円,屋内外,https://kyounoko.jp/spot/-df3f
浮間公園,公園,東京都,板橋区,,0-1/2-3/4-6,無料,屋外,https://kyounoko.jp/spot/-6v9p
武蔵国分寺公園,公園,東京都,国分寺市,,0-1/2-3/4-6,無料,屋外,https://kyounoko.jp/spot/-lrrv
武蔵野公園,公園,東京都,府中市,,0-1/2-3/4-6,無料,屋外,https://kyounoko.jp/spot/-y2nw
武蔵野公園 じゃぶじゃぶ池,公園,東京都,小金井市,,0-1/2-3/4-6,無料,屋外,https://kyounoko.jp/spot/-sjno
平和の森公園 じゃぶじゃぶ池,公園,東京都,大田区,,0-1/2-3/4-6,無料,屋外,https://kyounoko.jp/spot/-fpyu
北千住マルイ レストラン街,子連れOKレストラン,東京都,足立区,,0-1/2-3/4-6,,屋内,https://kyounoko.jp/spot/-7hg2
本所防災館（墨田区）,博物館・科学館,東京都,墨田区,,4-6,無料,屋内,https://kyounoko.jp/spot/-p2pj
麻布台ヒルズ,屋内施設,東京都,港区,kamiyacho,0-1/2-3/4-6,〜1000円,屋内,https://kyounoko.jp/spot/-iw08
夢の島公園,公園,東京都,江東区,shin-kiba,2-3/4-6,〜1000円,屋外,https://kyounoko.jp/spot/-j37e
明治神宮,季節体験,東京都,渋谷区,harajuku,0-1/2-3/4-6,無料,屋外,https://kyounoko.jp/spot/-6s3p
木場公園,公園,東京都,江東区,kiba,0-1/2-3/4-6,無料,屋外,https://kyounoko.jp/spot/-scx8
野川公園,公園,東京都,調布市,,0-1/2-3/4-6,無料,屋外,https://kyounoko.jp/spot/-qgvh
矢場とん,子連れOKレストラン,東京都,名古屋市ほか,,2-3/4-6,,屋内,https://kyounoko.jp/spot/-uavb
林試の森公園,公園,東京都,品川区,musashi-koyama,0-1/2-3/4-6,無料,屋外,https://kyounoko.jp/spot/-zzf7
林試の森公園 じゃぶじゃぶ池,公園,東京都,目黒区,musashi-koyama,0-1/2-3/4-6,無料,屋外,https://kyounoko.jp/spot/-3aud
六本木ヒルズ ヒルサイド・レストラン群,子連れOKレストラン,東京都,港区,,0-1/2-3/4-6,,屋内,https://kyounoko.jp/spot/-inlo
和食さと,子連れOKレストラン,東京都,複数,,0-1/2-3/4-6,,屋内,https://kyounoko.jp/spot/-cdav
和田堀公園 じゃぶじゃぶ池,公園,東京都,杉並区,,0-1/2-3/4-6,無料,屋外,https://kyounoko.jp/spot/-ogb7
檜町公園 じゃぶじゃぶ池,公園,東京都,港区,roppongi,0-1/2-3/4-6,無料,屋外,https://kyounoko.jp/spot/-pdoz
とくしまファミリーランド,遊園地,徳島県,徳島市,,2-3/4-6,〜1000円,屋外,https://kyounoko.jp/spot/-i30k
とくしま動物園,動物園,徳島県,徳島市,,0-1/2-3/4-6,〜1000円,屋外,https://kyounoko.jp/spot/-klxi
月見ヶ丘海浜公園,公園,徳島県,板野郡松茂町,,0-1/2-3/4-6,無料,屋外,https://kyounoko.jp/spot/-g7l5
大谷焼 窯元 体験工房,博物館・科学館,徳島県,鳴門市,,4-6,1000〜3000円,屋内,https://kyounoko.jp/spot/-3p6b
徳島県立あすたむらんど,公園,徳島県,板野町,,2-3/4-6,無料,屋内外,https://kyounoko.jp/spot/-71h7
日峯大神子広域公園こども広場,公園,徳島県,徳島市,,2-3/4-6,無料,屋外,https://kyounoko.jp/spot/-r2m0
日和佐うみがめ博物館カレッタ,博物館・科学館,徳島県,海部郡美波町,,2-3/4-6,〜1000円,屋内外,https://kyounoko.jp/spot/-iht2
板野町歴史文化公園,公園,徳島県,板野郡板野町,,2-3/4-6,無料,屋外,https://kyounoko.jp/spot/-nwnk
鳴門ウチノ海総合公園,公園,徳島県,鳴門市,,0-1/2-3/4-6,無料,屋外,https://kyounoko.jp/spot/-emji
鳴門市ドイツ館,博物館・科学館,徳島県,鳴門市,,4-6,〜1000円,屋内,https://kyounoko.jp/spot/-6jze
あしかがフラワーパーク,公園,栃木県,足利市,,0-1/2-3/4-6,1000〜3000円,屋外,https://kyounoko.jp/spot/-zfbo
ツインリンクもてぎ（モビリティリゾートもてぎ）,遊園地,栃木県,もてぎ町,,2-3/4-6,1000〜3000円,屋内外,https://kyounoko.jp/spot/-2cwq
とちのきファミリーランド,遊園地,栃木県,宇都宮市,,0-1/2-3/4-6,〜1000円,屋外,https://kyounoko.jp/spot/-aern
なかがわ水遊園,水族館,栃木県,大田原市,,0-1/2-3/4-6,〜1000円,屋内外,https://kyounoko.jp/spot/-z8ap
みかも山公園,公園,栃木県,栃木市,,2-3/4-6,無料,屋外,https://kyounoko.jp/spot/-w6el
りんどう湖ファミリー牧場,牧場,栃木県,那須町,,0-1/2-3/4-6,1000〜3000円,屋外,https://kyounoko.jp/spot/-eb58
宇都宮市子ども総合科学館,博物館・科学館,栃木県,宇都宮市,,2-3/4-6,〜1000円,屋内,https://kyounoko.jp/spot/-fyee
宇都宮動物園,動物園,栃木県,宇都宮市,,2-3/4-6,〜1000円,屋外,https://kyounoko.jp/spot/-ydv5
壬生町おもちゃ博物館,博物館・科学館,栃木県,壬生町,,0-1/2-3/4-6,〜1000円,屋内外,https://kyounoko.jp/spot/-uvho
那須サファリパーク,動物園,栃木県,那須町,,2-3/4-6,1000〜3000円,屋外,https://kyounoko.jp/spot/-o0iq
那須どうぶつ王国,動物園,栃木県,那須町,,0-1/2-3/4-6,1000〜3000円,屋内外,https://kyounoko.jp/spot/-lrt8
那須ハイランドパーク,遊園地,栃木県,那須町,,2-3/4-6,3000円〜,屋外,https://kyounoko.jp/spot/-m6fd
那須高原りんどう湖ファミリー牧場,牧場,栃木県,那須町,,0-1/2-3/4-6,1000〜3000円,屋内外,https://kyounoko.jp/spot/-cblk
日光東照宮・日光江戸村,季節体験,栃木県,日光市,,2-3/4-6,1000〜3000円,屋内外,https://kyounoko.jp/spot/-1kv2
うだ・アニマルパーク,牧場,奈良県,宇陀市,,0-1/2-3/4-6,無料,屋内外,https://kyounoko.jp/spot/-mapg
キッズランドUS 奈良香芝店,屋内施設,奈良県,香芝市,,0-1/2-3/4-6,1000〜3000円,屋内,https://kyounoko.jp/spot/US-45q7
橿原市昆虫館,博物館・科学館,奈良県,橿原市,,2-3/4-6,〜1000円,屋内,https://kyounoko.jp/spot/-runz
橿原市立こども科学館,博物館・科学館,奈良県,橿原市,,2-3/4-6,〜1000円,屋内,https://kyounoko.jp/spot/-04pc
生駒山上遊園地,遊園地,奈良県,生駒市,,2-3/4-6,〜1000円,屋外,https://kyounoko.jp/spot/-aped
生駒山麓公園 ふれあいセンター,公園,奈良県,生駒市,,2-3/4-6,〜1000円,屋内外,https://kyounoko.jp/spot/-j3pw
曽爾高原,公園,奈良県,曽爾村,,2-3/4-6,無料,屋外,https://kyounoko.jp/spot/-hgfe
奈良県営馬見丘陵公園,公園,奈良県,河合町,,0-1/2-3/4-6,無料,屋外,https://kyounoko.jp/spot/-zv7a
奈良県立民俗博物館・大和民俗公園,博物館・科学館,奈良県,大和郡山市,,2-3/4-6,〜1000円,屋内外,https://kyounoko.jp/spot/-o3cm
奈良公園,公園,奈良県,奈良市,,0-1/2-3/4-6,無料,屋外,https://kyounoko.jp/spot/-b42u
平城宮跡歴史公園 朱雀門ひろば,公園,奈良県,奈良市,,0-1/2-3/4-6,無料,屋内外,https://kyounoko.jp/spot/-7xp3
ほたるいかミュージアム,博物館・科学館,富山県,滑川市,,2-3/4-6,〜1000円,屋内,https://kyounoko.jp/spot/-ti1v
ミラージュランド,遊園地,富山県,魚津市,,2-3/4-6,〜1000円,屋外,https://kyounoko.jp/spot/-b09s
魚津水族館,水族館,富山県,魚津市,,2-3/4-6,〜1000円,屋内,https://kyounoko.jp/spot/-xydk
県民公園太閤山ランド,公園,富山県,射水市,,0-1/2-3/4-6,無料,屋外,https://kyounoko.jp/spot/-yr9q
高岡おとぎの森公園,公園,富山県,高岡市,,0-1/2-3/4-6,無料,屋外,https://kyounoko.jp/spot/-k9r9
氷見市海浜植物園,公園,富山県,氷見市,,0-1/2-3/4-6,〜1000円,屋内,https://kyounoko.jp/spot/-hxhi
富山あそびマーレ,屋内施設,富山県,射水市,,0-1/2-3/4-6,1000〜3000円,屋内,https://kyounoko.jp/spot/-4jpy
富山県こどもみらい館,屋内施設,富山県,射水市,,0-1/2-3/4-6,〜1000円,屋内,https://kyounoko.jp/spot/-2kmq
富山県中央植物園,公園,富山県,富山市,,2-3/4-6,〜1000円,屋内外,https://kyounoko.jp/spot/-uub8
富山県美術館 オノマトペの屋上,公園,富山県,富山市,,2-3/4-6,無料,屋外,https://kyounoko.jp/spot/-olnj
富山市ファミリーパーク,動物園,富山県,富山市,,0-1/2-3/4-6,〜1000円,屋外,https://kyounoko.jp/spot/-iuyw
富山市科学博物館,博物館・科学館,富山県,富山市,,2-3/4-6,〜1000円,屋内,https://kyounoko.jp/spot/-vmbx
セーレンプラネット（福井市自然史博物館分館）,博物館・科学館,福井県,福井市,,2-3/4-6,〜1000円,屋内,https://kyounoko.jp/spot/-whtg
トリムパークかなづ,公園,福井県,あわら市,,2-3/4-6,無料,屋外,https://kyounoko.jp/spot/-04b2
越前松島水族館,水族館,福井県,坂井市,,2-3/4-6,1000〜3000円,屋内,https://kyounoko.jp/spot/-dbll
鯖江市西山動物園,動物園,福井県,鯖江市,,0-1/2-3/4-6,無料,屋内外,https://kyounoko.jp/spot/-bduk
西山公園,公園,福井県,鯖江市,,0-1/2-3/4-6,無料,屋外,https://kyounoko.jp/spot/-mr41
足羽山公園遊園地,動物園,福井県,福井市,,0-1/2-3/4-6,無料,屋内外,https://kyounoko.jp/spot/-d8ex
武生中央公園 だるまちゃん広場,公園,福井県,越前市,,0-1/2-3/4-6,無料,屋外,https://kyounoko.jp/spot/-bo4a
福井県児童科学館 エンゼルランドふくい,博物館・科学館,福井県,坂井市,,0-1/2-3/4-6,〜1000円,屋内外,https://kyounoko.jp/spot/-co4s
福井県立こども歴史文化館,博物館・科学館,福井県,福井市,,4-6,無料,屋内,https://kyounoko.jp/spot/-nvk0
福井県立一乗谷朝倉氏遺跡博物館,博物館・科学館,福井県,福井市,,4-6,〜1000円,屋内,https://kyounoko.jp/spot/-p08y
福井県立恐竜博物館,博物館・科学館,福井県,勝山市,,2-3/4-6,〜1000円,屋内,https://kyounoko.jp/spot/-hklq
キッザニア福岡,屋内施設,福岡県,福岡市,,4-6,3000円〜,屋内,https://kyounoko.jp/spot/-jvfx
のこのしまアイランドパーク,公園,福岡県,福岡市,,2-3/4-6,〜1000円,屋外,https://kyounoko.jp/spot/-r0vv
ボーネルンドあそびのせかい（ららぽーと等）,屋内施設,福岡県,複数,,0-1/2-3/4-6,1000〜3000円,屋内,https://kyounoko.jp/spot/-ucr9
マリンワールド海の中道,水族館,福岡県,福岡市,,0-1/2-3/4-6,1000〜3000円,屋内,https://kyounoko.jp/spot/-q2er
モーリーファンタジー イオンモール大牟田,屋内施設,福岡県,大牟田市,,0-1/2-3/4-6,〜1000円,屋内,https://kyounoko.jp/spot/-d2jq
海の中道海浜公園,公園,福岡県,福岡市,,0-1/2-3/4-6,〜1000円,屋外,https://kyounoko.jp/spot/-28b8
響灘緑地（グリーンパーク）,公園,福岡県,北九州市,,0-1/2-3/4-6,〜1000円,屋外,https://kyounoko.jp/spot/-bfcu
諏訪公園,公園,福岡県,大牟田市,,2-3/4-6,無料,屋外,https://kyounoko.jp/spot/-jfzf
大牟田市動物園,動物園,福岡県,大牟田市,,2-3/4-6,〜1000円,屋内外,https://kyounoko.jp/spot/-na9u
到津の森公園,動物園,福岡県,北九州市,,0-1/2-3/4-6,〜1000円,屋外,https://kyounoko.jp/spot/-pn97
福岡アンパンマンこどもミュージアムinモール,屋内施設,福岡県,福岡市,,0-1/2-3/4-6,1000〜3000円,屋内,https://kyounoko.jp/spot/in-0rqa
福岡市動物園,動物園,福岡県,福岡市,,2-3/4-6,〜1000円,屋外,https://kyounoko.jp/spot/-g4tu
北九州市立いのちのたび博物館,博物館・科学館,福岡県,北九州市,,2-3/4-6,〜1000円,屋内,https://kyounoko.jp/spot/-la6v
アクアマリンふくしま,水族館,福島県,いわき市,,0-1/2-3/4-6,1000〜3000円,屋内,https://kyounoko.jp/spot/-ouas
あぶくま洞,季節体験,福島県,田村市,,4-6,〜1000円,屋内外,https://kyounoko.jp/spot/-zyz1
いわき市石炭・化石館 ほるる,博物館・科学館,福島県,いわき市,,4-6,〜1000円,屋内,https://kyounoko.jp/spot/-b5qu
コミュタン福島（福島県環境創造センター交流棟）,博物館・科学館,福島県,三春町,,4-6,無料,屋内,https://kyounoko.jp/spot/-ydyh
さざえ堂,博物館・科学館,福島県,会津若松市,,4-6,〜1000円,屋内,https://kyounoko.jp/spot/-mudm
スパリゾートハワイアンズ,遊園地,福島県,いわき市,,2-3/4-6,3000円〜,屋内,https://kyounoko.jp/spot/-v5de
リカちゃんキャッスル,博物館・科学館,福島県,小野町,,2-3/4-6,〜1000円,屋内,https://kyounoko.jp/spot/-y5fp
安達ヶ原ふるさと村,公園,福島県,二本松市,,0-1/2-3/4-6,無料,屋内外,https://kyounoko.jp/spot/-g461
郡山市ふれあい科学館 スペースパーク,博物館・科学館,福島県,郡山市,,2-3/4-6,〜1000円,屋内,https://kyounoko.jp/spot/-zc29
三春の里 田園生活館,公園,福島県,三春町,,0-1/2-3/4-6,無料,屋内外,https://kyounoko.jp/spot/-molp
鶴ヶ城（会津若松城）,公園,福島県,会津若松市,,4-6,〜1000円,屋内外,https://kyounoko.jp/spot/-hj29
アネビートリムパーク神戸,屋内施設,兵庫県,神戸市東灘区,,0-1/2-3/4-6,〜1000円,屋内,https://kyounoko.jp/spot/-7imb
ニジゲンノモリ（淡路島）,遊園地,兵庫県,淡路市,,4-6,1000〜3000円,屋外,https://kyounoko.jp/spot/-ivnu
ピュアハートキッズランド尼崎つかしん,屋内施設,兵庫県,尼崎市,,0-1/2-3/4-6,〜1000円,屋内,https://kyounoko.jp/spot/-u6gs
神戸アンパンマンこどもミュージアム&モール,屋内施設,兵庫県,神戸市中央区,,0-1/2-3/4-6,3000円〜,屋内,https://kyounoko.jp/spot/-msnm
神戸どうぶつ王国,動物園,兵庫県,神戸市,,0-1/2-3/4-6,1000〜3000円,屋内外,https://kyounoko.jp/spot/-9dd3
神戸市立須磨離宮公園,公園,兵庫県,神戸市須磨区,,2-3/4-6,〜1000円,屋外,https://kyounoko.jp/spot/-s7ib
神崎農村公園ヨーデルの森,牧場,兵庫県,神河町,,0-1/2-3/4-6,1000〜3000円,屋内外,https://kyounoko.jp/spot/-24mk
須磨シーワールド,水族館,兵庫県,神戸市,,2-3/4-6,1000〜3000円,屋内,https://kyounoko.jp/spot/-05te
西猪名公園,公園,兵庫県,伊丹市,,0-1/2-3/4-6,無料,屋外,https://kyounoko.jp/spot/-2c89
東条湖おもちゃ王国,遊園地,兵庫県,加東市,,0-1/2-3/4-6,1000〜3000円,屋内外,https://kyounoko.jp/spot/-s033
姫路セントラルパーク,動物園,兵庫県,姫路市,,2-3/4-6,1000〜3000円,屋内外,https://kyounoko.jp/spot/-a4cu
AOAO SAPPORO,水族館,北海道,札幌市,,0-1/2-3/4-6,1000〜3000円,屋内,https://kyounoko.jp/spot/AOAO-SAPPORO-o5q5
おたる水族館,水族館,北海道,小樽市,,2-3/4-6,1000〜3000円,屋内外,https://kyounoko.jp/spot/-5ytr
サンピアザ水族館,水族館,北海道,札幌市,,0-1/2-3/4-6,〜1000円,屋内,https://kyounoko.jp/spot/-ecz0
のぼりべつクマ牧場,動物園,北海道,登別市,,4-6,1000〜3000円,屋外,https://kyounoko.jp/spot/-g3qb
ファンタジーキッズリゾート新さっぽろ,屋内施設,北海道,札幌市,,0-1/2-3/4-6,1000〜3000円,屋内,https://kyounoko.jp/spot/-co8h
モエレ沼公園,公園,北海道,札幌市,,0-1/2-3/4-6,無料,屋外,https://kyounoko.jp/spot/-kd8l
旭山動物園,動物園,北海道,旭川市,,0-1/2-3/4-6,〜1000円,屋外,https://kyounoko.jp/spot/-jxpu
旭川市旭山動物園,動物園,北海道,旭川市,,2-3/4-6,〜1000円,屋外,https://kyounoko.jp/spot/-jqqo
国営滝野すずらん丘陵公園,公園,北海道,札幌市,,2-3/4-6,〜1000円,屋外,https://kyounoko.jp/spot/-8cjj
札幌市円山動物園,動物園,北海道,札幌市,,2-3/4-6,〜1000円,屋内外,https://kyounoko.jp/spot/-9jfd
北海道こどもの国,公園,北海道,砂川市,,2-3/4-6,無料,屋内外,https://kyounoko.jp/spot/-cwkr
アドベンチャーワールド,動物園,和歌山県,白浜町,,0-1/2-3/4-6,3000円〜,屋内外,https://kyounoko.jp/spot/-2awz
さぎのせ公園,公園,和歌山県,岩出市,,0-1/2-3/4-6,無料,屋外,https://kyounoko.jp/spot/-p2jl
ポルトヨーロッパ,遊園地,和歌山県,和歌山市,,2-3/4-6,1000〜3000円,屋内外,https://kyounoko.jp/spot/-j3z4
串本海中公園,水族館,和歌山県,串本町,,2-3/4-6,1000〜3000円,屋内外,https://kyounoko.jp/spot/-9662
太地町立くじらの博物館,博物館・科学館,和歌山県,太地町,,2-3/4-6,1000〜3000円,屋内外,https://kyounoko.jp/spot/-k2j0
道の駅 四季の郷公園 FOOD HUNTER PARK,公園,和歌山県,和歌山市,,0-1/2-3/4-6,無料,屋外,https://kyounoko.jp/spot/FOOD-HUNTER-PARK-69ci
白崎海洋公園,公園,和歌山県,由良町,,2-3/4-6,無料,屋外,https://kyounoko.jp/spot/-v3mz
友ヶ島,公園,和歌山県,和歌山市,,4-6,〜1000円,屋外,https://kyounoko.jp/spot/-wzi6
和歌山県立自然博物館,博物館・科学館,和歌山県,海南市,,2-3/4-6,〜1000円,屋内,https://kyounoko.jp/spot/-akn1
和歌山市立こども科学館,博物館・科学館,和歌山県,和歌山市,,2-3/4-6,〜1000円,屋内,https://kyounoko.jp/spot/-1ocs
和歌山城,公園,和歌山県,和歌山市,,2-3/4-6,無料,屋外,https://kyounoko.jp/spot/-3u34